state_2001,district_2001,state_2011,district_2011,n_2011_districts_from_2001,n_2001_districts_into_2011,relationship_type,change_usable,harmonization_method,status,source_url
Andaman and Nicobar Islands,Andamans,Andaman and Nicobar Islands,North & Middle Andaman,2,1,one_to_many_split,"Yes, after aggregation",Aggregate all 2011 child numerators and denominators to 2001 parent,Preliminary; validate against Census Administrative Atlas,https://github.com/yashveeeeeeer/india-geodata/tree/main/data/census/historical
Andaman and Nicobar Islands,Andamans,Andaman and Nicobar Islands,South Andaman,2,1,one_to_many_split,"Yes, after aggregation",Aggregate all 2011 child numerators and denominators to 2001 parent,Preliminary; validate against Census Administrative Atlas,https://github.com/yashveeeeeeer/india-geodata/tree/main/data/census/historical
Andaman and Nicobar Islands,Nicobars,Andaman and Nicobar Islands,Nicobar,1,1,one_to_one_renamed,Yes,Direct link; harmonize name where necessary,Preliminary; validate against Census Administrative Atlas,https://github.com/yashveeeeeeer/india-geodata/tree/main/data/census/historical
Andhra Pradesh,Adilabad,Andhra Pradesh,Adilabad,1,1,one_to_one_same_name,Yes,Direct link; harmonize name where necessary,Preliminary; validate against Census Administrative Atlas,https://github.com/yashveeeeeeer/india-geodata/tree/main/data/census/historical
Andhra Pradesh,Anantapur,Andhra Pradesh,Anantapur,1,1,one_to_one_same_name,Yes,Direct link; harmonize name where necessary,Preliminary; validate against Census Administrative Atlas,https://github.com/yashveeeeeeer/india-geodata/tree/main/data/census/historical
Andhra Pradesh,Chittoor,Andhra Pradesh,Chittoor,1,1,one_to_one_same_name,Yes,Direct link; harmonize name where necessary,Preliminary; validate against Census Administrative Atlas,https://github.com/yashveeeeeeer/india-geodata/tree/main/data/census/historical
Andhra Pradesh,Cuddapah,Andhra Pradesh,Y.S.R.,1,1,one_to_one_renamed,Yes,Direct link; harmonize name where necessary,Preliminary; validate against Census Administrative Atlas,https://github.com/yashveeeeeeer/india-geodata/tree/main/data/census/historical
Andhra Pradesh,East Godavari,Andhra Pradesh,East Godavari,1,1,one_to_one_same_name,Yes,Direct link; harmonize name where necessary,Preliminary; validate against Census Administrative Atlas,https://github.com/yashveeeeeeer/india-geodata/tree/main/data/census/historical
Andhra Pradesh,Guntur,Andhra Pradesh,Guntur,1,1,one_to_one_same_name,Yes,Direct link; harmonize name where necessary,Preliminary; validate against Census Administrative Atlas,https://github.com/yashveeeeeeer/india-geodata/tree/main/data/census/historical
Andhra Pradesh,Hyderabad,Andhra Pradesh,Hyderabad,1,1,one_to_one_same_name,Yes,Direct link; harmonize name where necessary,Preliminary; validate against Census Administrative Atlas,https://github.com/yashveeeeeeer/india-geodata/tree/main/data/census/historical
Andhra Pradesh,Karimnagar,Andhra Pradesh,Karimnagar,1,1,one_to_one_same_name,Yes,Direct link; harmonize name where necessary,Preliminary; validate against Census Administrative Atlas,https://github.com/yashveeeeeeer/india-geodata/tree/main/data/census/historical
Andhra Pradesh,Khammam,Andhra Pradesh,Khammam,1,1,one_to_one_same_name,Yes,Direct link; harmonize name where necessary,Preliminary; validate against Census Administrative Atlas,https://github.com/yashveeeeeeer/india-geodata/tree/main/data/census/historical
Andhra Pradesh,Krishna,Andhra Pradesh,Krishna,1,1,one_to_one_same_name,Yes,Direct link; harmonize name where necessary,Preliminary; validate against Census Administrative Atlas,https://github.com/yashveeeeeeer/india-geodata/tree/main/data/census/historical
Andhra Pradesh,Kurnool,Andhra Pradesh,Kurnool,1,1,one_to_one_same_name,Yes,Direct link; harmonize name where necessary,Preliminary; validate against Census Administrative Atlas,https://github.com/yashveeeeeeer/india-geodata/tree/main/data/census/historical
Andhra Pradesh,Mahbubnagar,Andhra Pradesh,Mahbubnagar,1,1,one_to_one_same_name,Yes,Direct link; harmonize name where necessary,Preliminary; validate against Census Administrative Atlas,https://github.com/yashveeeeeeer/india-geodata/tree/main/data/census/historical
Andhra Pradesh,Medak,Andhra Pradesh,Medak,1,1,one_to_one_same_name,Yes,Direct link; harmonize name where necessary,Preliminary; validate against Census Administrative Atlas,https://github.com/yashveeeeeeer/india-geodata/tree/main/data/census/historical
Andhra Pradesh,Nalgonda,Andhra Pradesh,Nalgonda,1,1,one_to_one_same_name,Yes,Direct link; harmonize name where necessary,Preliminary; validate against Census Administrative Atlas,https://github.com/yashveeeeeeer/india-geodata/tree/main/data/census/historical
Andhra Pradesh,Nellore,Andhra Pradesh,Sri Potti Sriramulu Nellore,1,1,one_to_one_renamed,Yes,Direct link; harmonize name where necessary,Preliminary; validate against Census Administrative Atlas,https://github.com/yashveeeeeeer/india-geodata/tree/main/data/census/historical
Andhra Pradesh,Nizamabad,Andhra Pradesh,Nizamabad,1,1,one_to_one_same_name,Yes,Direct link; harmonize name where necessary,Preliminary; validate against Census Administrative Atlas,https://github.com/yashveeeeeeer/india-geodata/tree/main/data/census/historical
Andhra Pradesh,Prakasam,Andhra Pradesh,Prakasam,1,1,one_to_one_same_name,Yes,Direct link; harmonize name where necessary,Preliminary; validate against Census Administrative Atlas,https://github.com/yashveeeeeeer/india-geodata/tree/main/data/census/historical
Andhra Pradesh,Rangareddi,Andhra Pradesh,Rangareddy,1,1,one_to_one_renamed,Yes,Direct link; harmonize name where necessary,Preliminary; validate against Census Administrative Atlas,https://github.com/yashveeeeeeer/india-geodata/tree/main/data/census/historical
Andhra Pradesh,Srikakulam,Andhra Pradesh,Srikakulam,1,1,one_to_one_same_name,Yes,Direct link; harmonize name where necessary,Preliminary; validate against Census Administrative Atlas,https://github.com/yashveeeeeeer/india-geodata/tree/main/data/census/historical
Andhra Pradesh,Visakhapatnam,Andhra Pradesh,Visakhapatnam,1,1,one_to_one_same_name,Yes,Direct link; harmonize name where necessary,Preliminary; validate against Census Administrative Atlas,https://github.com/yashveeeeeeer/india-geodata/tree/main/data/census/historical
Andhra Pradesh,Vizianagaram,Andhra Pradesh,Vizianagaram,1,1,one_to_one_same_name,Yes,Direct link; harmonize name where necessary,Preliminary; validate against Census Administrative Atlas,https://github.com/yashveeeeeeer/india-geodata/tree/main/data/census/historical
Andhra Pradesh,Warangal,Andhra Pradesh,Warangal,1,1,one_to_one_same_name,Yes,Direct link; harmonize name where necessary,Preliminary; validate against Census Administrative Atlas,https://github.com/yashveeeeeeer/india-geodata/tree/main/data/census/historical
Andhra Pradesh,West Godavari,Andhra Pradesh,West Godavari,1,1,one_to_one_same_name,Yes,Direct link; harmonize name where necessary,Preliminary; validate against Census Administrative Atlas,https://github.com/yashveeeeeeer/india-geodata/tree/main/data/census/historical
Arunachal Pradesh,Changlang,Arunachal Pradesh,Changlang,1,1,one_to_one_same_name,Yes,Direct link; harmonize name where necessary,Preliminary; validate against Census Administrative Atlas,https://github.com/yashveeeeeeer/india-geodata/tree/main/data/census/historical
Arunachal Pradesh,Dibang Valley,Arunachal Pradesh,Dibang Valley,2,1,one_to_many_split,"Yes, after aggregation",Aggregate all 2011 child numerators and denominators to 2001 parent,Preliminary; validate against Census Administrative Atlas,https://github.com/yashveeeeeeer/india-geodata/tree/main/data/census/historical
Arunachal Pradesh,Dibang Valley,Arunachal Pradesh,Lower Dibang Valley,2,1,one_to_many_split,"Yes, after aggregation",Aggregate all 2011 child numerators and denominators to 2001 parent,Preliminary; validate against Census Administrative Atlas,https://github.com/yashveeeeeeer/india-geodata/tree/main/data/census/historical
Arunachal Pradesh,East Kameng,Arunachal Pradesh,East Kameng,1,1,one_to_one_same_name,Yes,Direct link; harmonize name where necessary,Preliminary; validate against Census Administrative Atlas,https://github.com/yashveeeeeeer/india-geodata/tree/main/data/census/historical
Arunachal Pradesh,East Siang,Arunachal Pradesh,East Siang,1,1,one_to_one_same_name,Yes,Direct link; harmonize name where necessary,Preliminary; validate against Census Administrative Atlas,https://github.com/yashveeeeeeer/india-geodata/tree/main/data/census/historical
Arunachal Pradesh,Lohit,Arunachal Pradesh,Anjaw,2,1,one_to_many_split,"Yes, after aggregation",Aggregate all 2011 child numerators and denominators to 2001 parent,Preliminary; validate against Census Administrative Atlas,https://github.com/yashveeeeeeer/india-geodata/tree/main/data/census/historical
Arunachal Pradesh,Lohit,Arunachal Pradesh,Lohit,2,1,one_to_many_split,"Yes, after aggregation",Aggregate all 2011 child numerators and denominators to 2001 parent,Preliminary; validate against Census Administrative Atlas,https://github.com/yashveeeeeeer/india-geodata/tree/main/data/census/historical
Arunachal Pradesh,Lower Subansiri,Arunachal Pradesh,Kurung Kumey,2,1,one_to_many_split,"Yes, after aggregation",Aggregate all 2011 child numerators and denominators to 2001 parent,Preliminary; validate against Census Administrative Atlas,https://github.com/yashveeeeeeer/india-geodata/tree/main/data/census/historical
Arunachal Pradesh,Lower Subansiri,Arunachal Pradesh,Lower Subansiri,2,1,one_to_many_split,"Yes, after aggregation",Aggregate all 2011 child numerators and denominators to 2001 parent,Preliminary; validate against Census Administrative Atlas,https://github.com/yashveeeeeeer/india-geodata/tree/main/data/census/historical
Arunachal Pradesh,Papum Pare,Arunachal Pradesh,Papum Pare,1,1,one_to_one_same_name,Yes,Direct link; harmonize name where necessary,Preliminary; validate against Census Administrative Atlas,https://github.com/yashveeeeeeer/india-geodata/tree/main/data/census/historical
Arunachal Pradesh,Tawang,Arunachal Pradesh,Tawang,1,1,one_to_one_same_name,Yes,Direct link; harmonize name where necessary,Preliminary; validate against Census Administrative Atlas,https://github.com/yashveeeeeeer/india-geodata/tree/main/data/census/historical
Arunachal Pradesh,Tirap,Arunachal Pradesh,Tirap,1,1,one_to_one_same_name,Yes,Direct link; harmonize name where necessary,Preliminary; validate against Census Administrative Atlas,https://github.com/yashveeeeeeer/india-geodata/tree/main/data/census/historical
Arunachal Pradesh,Upper Siang,Arunachal Pradesh,Upper Siang,1,1,one_to_one_same_name,Yes,Direct link; harmonize name where necessary,Preliminary; validate against Census Administrative Atlas,https://github.com/yashveeeeeeer/india-geodata/tree/main/data/census/historical
Arunachal Pradesh,Upper Subansiri,Arunachal Pradesh,Upper Subansiri,1,1,one_to_one_same_name,Yes,Direct link; harmonize name where necessary,Preliminary; validate against Census Administrative Atlas,https://github.com/yashveeeeeeer/india-geodata/tree/main/data/census/historical
Arunachal Pradesh,West Kameng,Arunachal Pradesh,West Kameng,1,1,one_to_one_same_name,Yes,Direct link; harmonize name where necessary,Preliminary; validate against Census Administrative Atlas,https://github.com/yashveeeeeeer/india-geodata/tree/main/data/census/historical
Arunachal Pradesh,West Siang,Arunachal Pradesh,West Siang,1,1,one_to_one_same_name,Yes,Direct link; harmonize name where necessary,Preliminary; validate against Census Administrative Atlas,https://github.com/yashveeeeeeer/india-geodata/tree/main/data/census/historical
Assam,Barpeta,Assam,Baksa,2,4,many_to_many_reorganization,Not yet,Manual Census concordance or 2001/2011 district polygon overlay,Preliminary; validate against Census Administrative Atlas,https://github.com/yashveeeeeeer/india-geodata/tree/main/data/census/historical
Assam,Barpeta,Assam,Barpeta,2,1,one_to_many_split,"Yes, after aggregation",Aggregate all 2011 child numerators and denominators to 2001 parent,Preliminary; validate against Census Administrative Atlas,https://github.com/yashveeeeeeer/india-geodata/tree/main/data/census/historical
Assam,Bongaigaon,Assam,Bongaigaon,2,1,one_to_many_split,"Yes, after aggregation",Aggregate all 2011 child numerators and denominators to 2001 parent,Preliminary; validate against Census Administrative Atlas,https://github.com/yashveeeeeeer/india-geodata/tree/main/data/census/historical
Assam,Bongaigaon,Assam,Chirang,2,2,many_to_many_reorganization,Not yet,Manual Census concordance or 2001/2011 district polygon overlay,Preliminary; validate against Census Administrative Atlas,https://github.com/yashveeeeeeer/india-geodata/tree/main/data/census/historical
Assam,Cachar,Assam,Cachar,1,1,one_to_one_same_name,Yes,Direct link; harmonize name where necessary,Preliminary; validate against Census Administrative Atlas,https://github.com/yashveeeeeeer/india-geodata/tree/main/data/census/historical
Assam,Darrang,Assam,Baksa,3,4,many_to_many_reorganization,Not yet,Manual Census concordance or 2001/2011 district polygon overlay,Preliminary; validate against Census Administrative Atlas,https://github.com/yashveeeeeeer/india-geodata/tree/main/data/census/historical
Assam,Darrang,Assam,Darrang,3,1,one_to_many_split,"Yes, after aggregation",Aggregate all 2011 child numerators and denominators to 2001 parent,Preliminary; validate against Census Administrative Atlas,https://github.com/yashveeeeeeer/india-geodata/tree/main/data/census/historical
Assam,Darrang,Assam,Udalguri,3,1,one_to_many_split,"Yes, after aggregation",Aggregate all 2011 child numerators and denominators to 2001 parent,Preliminary; validate against Census Administrative Atlas,https://github.com/yashveeeeeeer/india-geodata/tree/main/data/census/historical
Assam,Dhemaji,Assam,Dhemaji,1,1,one_to_one_same_name,Yes,Direct link; harmonize name where necessary,Preliminary; validate against Census Administrative Atlas,https://github.com/yashveeeeeeer/india-geodata/tree/main/data/census/historical
Assam,Dhuburi,Assam,Dhubri,1,1,one_to_one_renamed,Yes,Direct link; harmonize name where necessary,Preliminary; validate against Census Administrative Atlas,https://github.com/yashveeeeeeer/india-geodata/tree/main/data/census/historical
Assam,Dibrugarh,Assam,Dibrugarh,1,1,one_to_one_same_name,Yes,Direct link; harmonize name where necessary,Preliminary; validate against Census Administrative Atlas,https://github.com/yashveeeeeeer/india-geodata/tree/main/data/census/historical
Assam,Goalpara,Assam,Goalpara,1,1,one_to_one_same_name,Yes,Direct link; harmonize name where necessary,Preliminary; validate against Census Administrative Atlas,https://github.com/yashveeeeeeer/india-geodata/tree/main/data/census/historical
Assam,Golaghat,Assam,Golaghat,1,1,one_to_one_same_name,Yes,Direct link; harmonize name where necessary,Preliminary; validate against Census Administrative Atlas,https://github.com/yashveeeeeeer/india-geodata/tree/main/data/census/historical
Assam,Hailakandi,Assam,Hailakandi,1,1,one_to_one_same_name,Yes,Direct link; harmonize name where necessary,Preliminary; validate against Census Administrative Atlas,https://github.com/yashveeeeeeer/india-geodata/tree/main/data/census/historical
Assam,Jorhat,Assam,Jorhat,1,1,one_to_one_same_name,Yes,Direct link; harmonize name where necessary,Preliminary; validate against Census Administrative Atlas,https://github.com/yashveeeeeeer/india-geodata/tree/main/data/census/historical
Assam,Kamrup,Assam,Baksa,3,4,many_to_many_reorganization,Not yet,Manual Census concordance or 2001/2011 district polygon overlay,Preliminary; validate against Census Administrative Atlas,https://github.com/yashveeeeeeer/india-geodata/tree/main/data/census/historical
Assam,Kamrup,Assam,Kamrup,3,1,one_to_many_split,"Yes, after aggregation",Aggregate all 2011 child numerators and denominators to 2001 parent,Preliminary; validate against Census Administrative Atlas,https://github.com/yashveeeeeeer/india-geodata/tree/main/data/census/historical
Assam,Kamrup,Assam,Kamrup Metropolitan,3,1,one_to_many_split,"Yes, after aggregation",Aggregate all 2011 child numerators and denominators to 2001 parent,Preliminary; validate against Census Administrative Atlas,https://github.com/yashveeeeeeer/india-geodata/tree/main/data/census/historical
Assam,Karbi Anglong,Assam,Karbi Anglong,1,1,one_to_one_same_name,Yes,Direct link; harmonize name where necessary,Preliminary; validate against Census Administrative Atlas,https://github.com/yashveeeeeeer/india-geodata/tree/main/data/census/historical
Assam,Karimganj,Assam,Karimganj,1,1,one_to_one_same_name,Yes,Direct link; harmonize name where necessary,Preliminary; validate against Census Administrative Atlas,https://github.com/yashveeeeeeer/india-geodata/tree/main/data/census/historical
Assam,Kokrajhar,Assam,Chirang,2,2,many_to_many_reorganization,Not yet,Manual Census concordance or 2001/2011 district polygon overlay,Preliminary; validate against Census Administrative Atlas,https://github.com/yashveeeeeeer/india-geodata/tree/main/data/census/historical
Assam,Kokrajhar,Assam,Kokrajhar,2,1,one_to_many_split,"Yes, after aggregation",Aggregate all 2011 child numerators and denominators to 2001 parent,Preliminary; validate against Census Administrative Atlas,https://github.com/yashveeeeeeer/india-geodata/tree/main/data/census/historical
Assam,Lakhimpur,Assam,Lakhimpur,1,1,one_to_one_same_name,Yes,Direct link; harmonize name where necessary,Preliminary; validate against Census Administrative Atlas,https://github.com/yashveeeeeeer/india-geodata/tree/main/data/census/historical
Assam,Marigaon,Assam,Morigaon,1,1,one_to_one_renamed,Yes,Direct link; harmonize name where necessary,Preliminary; validate against Census Administrative Atlas,https://github.com/yashveeeeeeer/india-geodata/tree/main/data/census/historical
Assam,Nagaon,Assam,Nagaon,1,1,one_to_one_same_name,Yes,Direct link; harmonize name where necessary,Preliminary; validate against Census Administrative Atlas,https://github.com/yashveeeeeeer/india-geodata/tree/main/data/census/historical
Assam,Nalbari,Assam,Baksa,2,4,many_to_many_reorganization,Not yet,Manual Census concordance or 2001/2011 district polygon overlay,Preliminary; validate against Census Administrative Atlas,https://github.com/yashveeeeeeer/india-geodata/tree/main/data/census/historical
Assam,Nalbari,Assam,Nalbari,2,1,one_to_many_split,"Yes, after aggregation",Aggregate all 2011 child numerators and denominators to 2001 parent,Preliminary; validate against Census Administrative Atlas,https://github.com/yashveeeeeeer/india-geodata/tree/main/data/census/historical
Assam,North Cachar Hills,Assam,Dima Hasao,1,1,one_to_one_renamed,Yes,Direct link; harmonize name where necessary,Preliminary; validate against Census Administrative Atlas,https://github.com/yashveeeeeeer/india-geodata/tree/main/data/census/historical
Assam,Sibsagar,Assam,Sivasagar,1,1,one_to_one_renamed,Yes,Direct link; harmonize name where necessary,Preliminary; validate against Census Administrative Atlas,https://github.com/yashveeeeeeer/india-geodata/tree/main/data/census/historical
Assam,Sonitpur,Assam,Sonitpur,1,1,one_to_one_same_name,Yes,Direct link; harmonize name where necessary,Preliminary; validate against Census Administrative Atlas,https://github.com/yashveeeeeeer/india-geodata/tree/main/data/census/historical
Assam,Tinsukia,Assam,Tinsukia,1,1,one_to_one_same_name,Yes,Direct link; harmonize name where necessary,Preliminary; validate against Census Administrative Atlas,https://github.com/yashveeeeeeer/india-geodata/tree/main/data/census/historical
Bihar,Araria,Bihar,Araria,1,1,one_to_one_same_name,Yes,Direct link; harmonize name where necessary,Preliminary; validate against Census Administrative Atlas,https://github.com/yashveeeeeeer/india-geodata/tree/main/data/census/historical
Bihar,Aurangabad,Bihar,Aurangabad,1,1,one_to_one_same_name,Yes,Direct link; harmonize name where necessary,Preliminary; validate against Census Administrative Atlas,https://github.com/yashveeeeeeer/india-geodata/tree/main/data/census/historical
Bihar,Banka,Bihar,Banka,1,1,one_to_one_same_name,Yes,Direct link; harmonize name where necessary,Preliminary; validate against Census Administrative Atlas,https://github.com/yashveeeeeeer/india-geodata/tree/main/data/census/historical
Bihar,Begusarai,Bihar,Begusarai,1,1,one_to_one_same_name,Yes,Direct link; harmonize name where necessary,Preliminary; validate against Census Administrative Atlas,https://github.com/yashveeeeeeer/india-geodata/tree/main/data/census/historical
Bihar,Bhagalpur,Bihar,Bhagalpur,1,1,one_to_one_same_name,Yes,Direct link; harmonize name where necessary,Preliminary; validate against Census Administrative Atlas,https://github.com/yashveeeeeeer/india-geodata/tree/main/data/census/historical
Bihar,Bhojpur,Bihar,Bhojpur,1,1,one_to_one_same_name,Yes,Direct link; harmonize name where necessary,Preliminary; validate against Census Administrative Atlas,https://github.com/yashveeeeeeer/india-geodata/tree/main/data/census/historical
Bihar,Buxar,Bihar,Buxar,1,1,one_to_one_same_name,Yes,Direct link; harmonize name where necessary,Preliminary; validate against Census Administrative Atlas,https://github.com/yashveeeeeeer/india-geodata/tree/main/data/census/historical
Bihar,Darbhanga,Bihar,Darbhanga,1,1,one_to_one_same_name,Yes,Direct link; harmonize name where necessary,Preliminary; validate against Census Administrative Atlas,https://github.com/yashveeeeeeer/india-geodata/tree/main/data/census/historical
Bihar,Gaya,Bihar,Gaya,1,1,one_to_one_same_name,Yes,Direct link; harmonize name where necessary,Preliminary; validate against Census Administrative Atlas,https://github.com/yashveeeeeeer/india-geodata/tree/main/data/census/historical
Bihar,Gopalganj,Bihar,Gopalganj,1,1,one_to_one_same_name,Yes,Direct link; harmonize name where necessary,Preliminary; validate against Census Administrative Atlas,https://github.com/yashveeeeeeer/india-geodata/tree/main/data/census/historical
Bihar,Jamui,Bihar,Jamui,1,1,one_to_one_same_name,Yes,Direct link; harmonize name where necessary,Preliminary; validate against Census Administrative Atlas,https://github.com/yashveeeeeeer/india-geodata/tree/main/data/census/historical
Bihar,Jehanabad,Bihar,Arwal,2,1,one_to_many_split,"Yes, after aggregation",Aggregate all 2011 child numerators and denominators to 2001 parent,Preliminary; validate against Census Administrative Atlas,https://github.com/yashveeeeeeer/india-geodata/tree/main/data/census/historical
Bihar,Jehanabad,Bihar,Jehanabad,2,1,one_to_many_split,"Yes, after aggregation",Aggregate all 2011 child numerators and denominators to 2001 parent,Preliminary; validate against Census Administrative Atlas,https://github.com/yashveeeeeeer/india-geodata/tree/main/data/census/historical
Bihar,Kaimur (Bhabua),Bihar,Kaimur (Bhabua),1,1,one_to_one_same_name,Yes,Direct link; harmonize name where necessary,Preliminary; validate against Census Administrative Atlas,https://github.com/yashveeeeeeer/india-geodata/tree/main/data/census/historical
Bihar,Katihar,Bihar,Katihar,1,1,one_to_one_same_name,Yes,Direct link; harmonize name where necessary,Preliminary; validate against Census Administrative Atlas,https://github.com/yashveeeeeeer/india-geodata/tree/main/data/census/historical
Bihar,Khagaria,Bihar,Khagaria,1,1,one_to_one_same_name,Yes,Direct link; harmonize name where necessary,Preliminary; validate against Census Administrative Atlas,https://github.com/yashveeeeeeer/india-geodata/tree/main/data/census/historical
Bihar,Kishanganj,Bihar,Kishanganj,1,1,one_to_one_same_name,Yes,Direct link; harmonize name where necessary,Preliminary; validate against Census Administrative Atlas,https://github.com/yashveeeeeeer/india-geodata/tree/main/data/census/historical
Bihar,Lakhisarai,Bihar,Lakhisarai,1,1,one_to_one_same_name,Yes,Direct link; harmonize name where necessary,Preliminary; validate against Census Administrative Atlas,https://github.com/yashveeeeeeer/india-geodata/tree/main/data/census/historical
Bihar,Madhepura,Bihar,Madhepura,1,1,one_to_one_same_name,Yes,Direct link; harmonize name where necessary,Preliminary; validate against Census Administrative Atlas,https://github.com/yashveeeeeeer/india-geodata/tree/main/data/census/historical
Bihar,Madhubani,Bihar,Madhubani,1,1,one_to_one_same_name,Yes,Direct link; harmonize name where necessary,Preliminary; validate against Census Administrative Atlas,https://github.com/yashveeeeeeer/india-geodata/tree/main/data/census/historical
Bihar,Munger,Bihar,Munger,1,1,one_to_one_same_name,Yes,Direct link; harmonize name where necessary,Preliminary; validate against Census Administrative Atlas,https://github.com/yashveeeeeeer/india-geodata/tree/main/data/census/historical
Bihar,Muzaffarpur,Bihar,Muzaffarpur,1,1,one_to_one_same_name,Yes,Direct link; harmonize name where necessary,Preliminary; validate against Census Administrative Atlas,https://github.com/yashveeeeeeer/india-geodata/tree/main/data/census/historical
Bihar,Nalanda,Bihar,Nalanda,1,1,one_to_one_same_name,Yes,Direct link; harmonize name where necessary,Preliminary; validate against Census Administrative Atlas,https://github.com/yashveeeeeeer/india-geodata/tree/main/data/census/historical
Bihar,Nawada,Bihar,Nawada,1,1,one_to_one_same_name,Yes,Direct link; harmonize name where necessary,Preliminary; validate against Census Administrative Atlas,https://github.com/yashveeeeeeer/india-geodata/tree/main/data/census/historical
Bihar,Pashchim Champaran,Bihar,Pashchim Champaran,1,1,one_to_one_same_name,Yes,Direct link; harmonize name where necessary,Preliminary; validate against Census Administrative Atlas,https://github.com/yashveeeeeeer/india-geodata/tree/main/data/census/historical
Bihar,Patna,Bihar,Patna,1,1,one_to_one_same_name,Yes,Direct link; harmonize name where necessary,Preliminary; validate against Census Administrative Atlas,https://github.com/yashveeeeeeer/india-geodata/tree/main/data/census/historical
Bihar,Purba Champaran,Bihar,Purba Champaran,1,1,one_to_one_same_name,Yes,Direct link; harmonize name where necessary,Preliminary; validate against Census Administrative Atlas,https://github.com/yashveeeeeeer/india-geodata/tree/main/data/census/historical
Bihar,Purnia,Bihar,Purnia,1,1,one_to_one_same_name,Yes,Direct link; harmonize name where necessary,Preliminary; validate against Census Administrative Atlas,https://github.com/yashveeeeeeer/india-geodata/tree/main/data/census/historical
Bihar,Rohtas,Bihar,Rohtas,1,1,one_to_one_same_name,Yes,Direct link; harmonize name where necessary,Preliminary; validate against Census Administrative Atlas,https://github.com/yashveeeeeeer/india-geodata/tree/main/data/census/historical
Bihar,Saharsa,Bihar,Saharsa,1,1,one_to_one_same_name,Yes,Direct link; harmonize name where necessary,Preliminary; validate against Census Administrative Atlas,https://github.com/yashveeeeeeer/india-geodata/tree/main/data/census/historical
Bihar,Samastipur,Bihar,Samastipur,1,1,one_to_one_same_name,Yes,Direct link; harmonize name where necessary,Preliminary; validate against Census Administrative Atlas,https://github.com/yashveeeeeeer/india-geodata/tree/main/data/census/historical
Bihar,Saran,Bihar,Saran,1,1,one_to_one_same_name,Yes,Direct link; harmonize name where necessary,Preliminary; validate against Census Administrative Atlas,https://github.com/yashveeeeeeer/india-geodata/tree/main/data/census/historical
Bihar,Sheikhpura,Bihar,Sheikhpura,1,1,one_to_one_same_name,Yes,Direct link; harmonize name where necessary,Preliminary; validate against Census Administrative Atlas,https://github.com/yashveeeeeeer/india-geodata/tree/main/data/census/historical
Bihar,Sheohar,Bihar,Sheohar,1,1,one_to_one_same_name,Yes,Direct link; harmonize name where necessary,Preliminary; validate against Census Administrative Atlas,https://github.com/yashveeeeeeer/india-geodata/tree/main/data/census/historical
Bihar,Sitamarhi,Bihar,Sitamarhi,1,1,one_to_one_same_name,Yes,Direct link; harmonize name where necessary,Preliminary; validate against Census Administrative Atlas,https://github.com/yashveeeeeeer/india-geodata/tree/main/data/census/historical
Bihar,Siwan,Bihar,Siwan,1,1,one_to_one_same_name,Yes,Direct link; harmonize name where necessary,Preliminary; validate against Census Administrative Atlas,https://github.com/yashveeeeeeer/india-geodata/tree/main/data/census/historical
Bihar,Supaul,Bihar,Supaul,1,1,one_to_one_same_name,Yes,Direct link; harmonize name where necessary,Preliminary; validate against Census Administrative Atlas,https://github.com/yashveeeeeeer/india-geodata/tree/main/data/census/historical
Bihar,Vaishali,Bihar,Vaishali,1,1,one_to_one_same_name,Yes,Direct link; harmonize name where necessary,Preliminary; validate against Census Administrative Atlas,https://github.com/yashveeeeeeer/india-geodata/tree/main/data/census/historical
Chandigarh,Chandigarh,Chandigarh,Chandigarh,1,1,one_to_one_same_name,Yes,Direct link; harmonize name where necessary,Preliminary; validate against Census Administrative Atlas,https://github.com/yashveeeeeeer/india-geodata/tree/main/data/census/historical
Chhattisgarh,Bastar,Chhattisgarh,Bastar,2,1,one_to_many_split,"Yes, after aggregation",Aggregate all 2011 child numerators and denominators to 2001 parent,Preliminary; validate against Census Administrative Atlas,https://github.com/yashveeeeeeer/india-geodata/tree/main/data/census/historical
Chhattisgarh,Bastar,Chhattisgarh,Narayanpur,2,1,one_to_many_split,"Yes, after aggregation",Aggregate all 2011 child numerators and denominators to 2001 parent,Preliminary; validate against Census Administrative Atlas,https://github.com/yashveeeeeeer/india-geodata/tree/main/data/census/historical
Chhattisgarh,Bilaspur,Chhattisgarh,Bilaspur,1,1,one_to_one_same_name,Yes,Direct link; harmonize name where necessary,Preliminary; validate against Census Administrative Atlas,https://github.com/yashveeeeeeer/india-geodata/tree/main/data/census/historical
Chhattisgarh,Dantewada,Chhattisgarh,Bijapur,2,1,one_to_many_split,"Yes, after aggregation",Aggregate all 2011 child numerators and denominators to 2001 parent,Preliminary; validate against Census Administrative Atlas,https://github.com/yashveeeeeeer/india-geodata/tree/main/data/census/historical
Chhattisgarh,Dantewada,Chhattisgarh,Dakshin Bastar Dantewada,2,1,one_to_many_split,"Yes, after aggregation",Aggregate all 2011 child numerators and denominators to 2001 parent,Preliminary; validate against Census Administrative Atlas,https://github.com/yashveeeeeeer/india-geodata/tree/main/data/census/historical
Chhattisgarh,Dhamtari,Chhattisgarh,Dhamtari,1,1,one_to_one_same_name,Yes,Direct link; harmonize name where necessary,Preliminary; validate against Census Administrative Atlas,https://github.com/yashveeeeeeer/india-geodata/tree/main/data/census/historical
Chhattisgarh,Durg,Chhattisgarh,Durg,1,1,one_to_one_same_name,Yes,Direct link; harmonize name where necessary,Preliminary; validate against Census Administrative Atlas,https://github.com/yashveeeeeeer/india-geodata/tree/main/data/census/historical
Chhattisgarh,Janjgir-Champa,Chhattisgarh,Janjgir-Champa,1,1,one_to_one_same_name,Yes,Direct link; harmonize name where necessary,Preliminary; validate against Census Administrative Atlas,https://github.com/yashveeeeeeer/india-geodata/tree/main/data/census/historical
Chhattisgarh,Jashpur,Chhattisgarh,Jashpur,1,1,one_to_one_same_name,Yes,Direct link; harmonize name where necessary,Preliminary; validate against Census Administrative Atlas,https://github.com/yashveeeeeeer/india-geodata/tree/main/data/census/historical
Chhattisgarh,Kanker,Chhattisgarh,Uttar Bastar Kanker,1,1,one_to_one_renamed,Yes,Direct link; harmonize name where necessary,Preliminary; validate against Census Administrative Atlas,https://github.com/yashveeeeeeer/india-geodata/tree/main/data/census/historical
Chhattisgarh,Kawardha,Chhattisgarh,Kabeerdham,1,1,one_to_one_renamed,Yes,Direct link; harmonize name where necessary,Preliminary; validate against Census Administrative Atlas,https://github.com/yashveeeeeeer/india-geodata/tree/main/data/census/historical
Chhattisgarh,Korba,Chhattisgarh,Korba,1,1,one_to_one_same_name,Yes,Direct link; harmonize name where necessary,Preliminary; validate against Census Administrative Atlas,https://github.com/yashveeeeeeer/india-geodata/tree/main/data/census/historical
Chhattisgarh,Koriya,Chhattisgarh,Koriya,1,1,one_to_one_same_name,Yes,Direct link; harmonize name where necessary,Preliminary; validate against Census Administrative Atlas,https://github.com/yashveeeeeeer/india-geodata/tree/main/data/census/historical
Chhattisgarh,Mahasamund,Chhattisgarh,Mahasamund,1,1,one_to_one_same_name,Yes,Direct link; harmonize name where necessary,Preliminary; validate against Census Administrative Atlas,https://github.com/yashveeeeeeer/india-geodata/tree/main/data/census/historical
Chhattisgarh,Raigarh,Chhattisgarh,Raigarh,1,1,one_to_one_same_name,Yes,Direct link; harmonize name where necessary,Preliminary; validate against Census Administrative Atlas,https://github.com/yashveeeeeeer/india-geodata/tree/main/data/census/historical
Chhattisgarh,Raipur,Chhattisgarh,Raipur,1,1,one_to_one_same_name,Yes,Direct link; harmonize name where necessary,Preliminary; validate against Census Administrative Atlas,https://github.com/yashveeeeeeer/india-geodata/tree/main/data/census/historical
Chhattisgarh,Rajnandgaon,Chhattisgarh,Rajnandgaon,1,1,one_to_one_same_name,Yes,Direct link; harmonize name where necessary,Preliminary; validate against Census Administrative Atlas,https://github.com/yashveeeeeeer/india-geodata/tree/main/data/census/historical
Chhattisgarh,Surguja,Chhattisgarh,Surguja,1,1,one_to_one_same_name,Yes,Direct link; harmonize name where necessary,Preliminary; validate against Census Administrative Atlas,https://github.com/yashveeeeeeer/india-geodata/tree/main/data/census/historical
Dadra and Nagar Haveli,Dadra and Nagar Haveli,Dadara & Nagar Havelli,Dadra & Nagar Haveli,1,1,one_to_one_renamed,Yes,Direct link; harmonize name where necessary,Preliminary; validate against Census Administrative Atlas,https://github.com/yashveeeeeeer/india-geodata/tree/main/data/census/historical
Daman and Diu,Daman,Daman & Diu,Daman,1,1,one_to_one_same_name,Yes,Direct link; harmonize name where necessary,Preliminary; validate against Census Administrative Atlas,https://github.com/yashveeeeeeer/india-geodata/tree/main/data/census/historical
Daman and Diu,Diu,Daman & Diu,Diu,1,1,one_to_one_same_name,Yes,Direct link; harmonize name where necessary,Preliminary; validate against Census Administrative Atlas,https://github.com/yashveeeeeeer/india-geodata/tree/main/data/census/historical
Delhi,Central,NCT of Delhi,Central,1,1,one_to_one_same_name,Yes,Direct link; harmonize name where necessary,Preliminary; validate against Census Administrative Atlas,https://github.com/yashveeeeeeer/india-geodata/tree/main/data/census/historical
Delhi,East,NCT of Delhi,East,1,1,one_to_one_same_name,Yes,Direct link; harmonize name where necessary,Preliminary; validate against Census Administrative Atlas,https://github.com/yashveeeeeeer/india-geodata/tree/main/data/census/historical
Delhi,New Delhi,NCT of Delhi,New Delhi,1,1,one_to_one_same_name,Yes,Direct link; harmonize name where necessary,Preliminary; validate against Census Administrative Atlas,https://github.com/yashveeeeeeer/india-geodata/tree/main/data/census/historical
Delhi,North,NCT of Delhi,North,1,1,one_to_one_same_name,Yes,Direct link; harmonize name where necessary,Preliminary; validate against Census Administrative Atlas,https://github.com/yashveeeeeeer/india-geodata/tree/main/data/census/historical
Delhi,North East,NCT of Delhi,North East,1,1,one_to_one_same_name,Yes,Direct link; harmonize name where necessary,Preliminary; validate against Census Administrative Atlas,https://github.com/yashveeeeeeer/india-geodata/tree/main/data/census/historical
Delhi,North West,NCT of Delhi,North West,1,1,one_to_one_same_name,Yes,Direct link; harmonize name where necessary,Preliminary; validate against Census Administrative Atlas,https://github.com/yashveeeeeeer/india-geodata/tree/main/data/census/historical
Delhi,South,NCT of Delhi,South,1,1,one_to_one_same_name,Yes,Direct link; harmonize name where necessary,Preliminary; validate against Census Administrative Atlas,https://github.com/yashveeeeeeer/india-geodata/tree/main/data/census/historical
Delhi,South West,NCT of Delhi,South West,1,1,one_to_one_same_name,Yes,Direct link; harmonize name where necessary,Preliminary; validate against Census Administrative Atlas,https://github.com/yashveeeeeeer/india-geodata/tree/main/data/census/historical
Delhi,West,NCT of Delhi,West,1,1,one_to_one_same_name,Yes,Direct link; harmonize name where necessary,Preliminary; validate against Census Administrative Atlas,https://github.com/yashveeeeeeer/india-geodata/tree/main/data/census/historical
Goa,North Goa,Goa,North Goa,1,1,one_to_one_same_name,Yes,Direct link; harmonize name where necessary,Preliminary; validate against Census Administrative Atlas,https://github.com/yashveeeeeeer/india-geodata/tree/main/data/census/historical
Goa,South Goa,Goa,South Goa,1,1,one_to_one_same_name,Yes,Direct link; harmonize name where necessary,Preliminary; validate against Census Administrative Atlas,https://github.com/yashveeeeeeer/india-geodata/tree/main/data/census/historical
Gujarat,Ahmadabad,Gujarat,Ahmadabad,1,1,one_to_one_same_name,Yes,Direct link; harmonize name where necessary,Preliminary; validate against Census Administrative Atlas,https://github.com/yashveeeeeeer/india-geodata/tree/main/data/census/historical
Gujarat,Amreli,Gujarat,Amreli,1,1,one_to_one_same_name,Yes,Direct link; harmonize name where necessary,Preliminary; validate against Census Administrative Atlas,https://github.com/yashveeeeeeer/india-geodata/tree/main/data/census/historical
Gujarat,Anand,Gujarat,Anand,1,1,one_to_one_same_name,Yes,Direct link; harmonize name where necessary,Preliminary; validate against Census Administrative Atlas,https://github.com/yashveeeeeeer/india-geodata/tree/main/data/census/historical
Gujarat,Banas Kantha,Gujarat,Banas Kantha,1,1,one_to_one_same_name,Yes,Direct link; harmonize name where necessary,Preliminary; validate against Census Administrative Atlas,https://github.com/yashveeeeeeer/india-geodata/tree/main/data/census/historical
Gujarat,Bharuch,Gujarat,Bharuch,1,1,one_to_one_same_name,Yes,Direct link; harmonize name where necessary,Preliminary; validate against Census Administrative Atlas,https://github.com/yashveeeeeeer/india-geodata/tree/main/data/census/historical
Gujarat,Bhavnagar,Gujarat,Bhavnagar,1,1,one_to_one_same_name,Yes,Direct link; harmonize name where necessary,Preliminary; validate against Census Administrative Atlas,https://github.com/yashveeeeeeer/india-geodata/tree/main/data/census/historical
Gujarat,Dohad,Gujarat,Dohad,1,1,one_to_one_same_name,Yes,Direct link; harmonize name where necessary,Preliminary; validate against Census Administrative Atlas,https://github.com/yashveeeeeeer/india-geodata/tree/main/data/census/historical
Gujarat,Gandhinagar,Gujarat,Gandhinagar,1,1,one_to_one_same_name,Yes,Direct link; harmonize name where necessary,Preliminary; validate against Census Administrative Atlas,https://github.com/yashveeeeeeer/india-geodata/tree/main/data/census/historical
Gujarat,Jamnagar,Gujarat,Jamnagar,1,1,one_to_one_same_name,Yes,Direct link; harmonize name where necessary,Preliminary; validate against Census Administrative Atlas,https://github.com/yashveeeeeeer/india-geodata/tree/main/data/census/historical
Gujarat,Junagadh,Gujarat,Junagadh,1,1,one_to_one_same_name,Yes,Direct link; harmonize name where necessary,Preliminary; validate against Census Administrative Atlas,https://github.com/yashveeeeeeer/india-geodata/tree/main/data/census/historical
Gujarat,Kachchh,Gujarat,Kachchh,1,1,one_to_one_same_name,Yes,Direct link; harmonize name where necessary,Preliminary; validate against Census Administrative Atlas,https://github.com/yashveeeeeeer/india-geodata/tree/main/data/census/historical
Gujarat,Kheda,Gujarat,Kheda,1,1,one_to_one_same_name,Yes,Direct link; harmonize name where necessary,Preliminary; validate against Census Administrative Atlas,https://github.com/yashveeeeeeer/india-geodata/tree/main/data/census/historical
Gujarat,Mahesana,Gujarat,Mahesana,1,1,one_to_one_same_name,Yes,Direct link; harmonize name where necessary,Preliminary; validate against Census Administrative Atlas,https://github.com/yashveeeeeeer/india-geodata/tree/main/data/census/historical
Gujarat,Narmada,Gujarat,Narmada,1,1,one_to_one_same_name,Yes,Direct link; harmonize name where necessary,Preliminary; validate against Census Administrative Atlas,https://github.com/yashveeeeeeer/india-geodata/tree/main/data/census/historical
Gujarat,Navsari,Gujarat,Navsari,1,1,one_to_one_same_name,Yes,Direct link; harmonize name where necessary,Preliminary; validate against Census Administrative Atlas,https://github.com/yashveeeeeeer/india-geodata/tree/main/data/census/historical
Gujarat,Panch Mahals,Gujarat,Panch Mahals,1,1,one_to_one_same_name,Yes,Direct link; harmonize name where necessary,Preliminary; validate against Census Administrative Atlas,https://github.com/yashveeeeeeer/india-geodata/tree/main/data/census/historical
Gujarat,Patan,Gujarat,Patan,1,1,one_to_one_same_name,Yes,Direct link; harmonize name where necessary,Preliminary; validate against Census Administrative Atlas,https://github.com/yashveeeeeeer/india-geodata/tree/main/data/census/historical
Gujarat,Porbandar,Gujarat,Porbandar,1,1,one_to_one_same_name,Yes,Direct link; harmonize name where necessary,Preliminary; validate against Census Administrative Atlas,https://github.com/yashveeeeeeer/india-geodata/tree/main/data/census/historical
Gujarat,Rajkot,Gujarat,Rajkot,1,1,one_to_one_same_name,Yes,Direct link; harmonize name where necessary,Preliminary; validate against Census Administrative Atlas,https://github.com/yashveeeeeeer/india-geodata/tree/main/data/census/historical
Gujarat,Sabar Kantha,Gujarat,Sabar Kantha,1,1,one_to_one_same_name,Yes,Direct link; harmonize name where necessary,Preliminary; validate against Census Administrative Atlas,https://github.com/yashveeeeeeer/india-geodata/tree/main/data/census/historical
Gujarat,Surat,Gujarat,Surat,2,1,one_to_many_split,"Yes, after aggregation",Aggregate all 2011 child numerators and denominators to 2001 parent,Preliminary; validate against Census Administrative Atlas,https://github.com/yashveeeeeeer/india-geodata/tree/main/data/census/historical
Gujarat,Surat,Gujarat,Tapi,2,1,one_to_many_split,"Yes, after aggregation",Aggregate all 2011 child numerators and denominators to 2001 parent,Preliminary; validate against Census Administrative Atlas,https://github.com/yashveeeeeeer/india-geodata/tree/main/data/census/historical
Gujarat,Surendranagar,Gujarat,Surendranagar,1,1,one_to_one_same_name,Yes,Direct link; harmonize name where necessary,Preliminary; validate against Census Administrative Atlas,https://github.com/yashveeeeeeer/india-geodata/tree/main/data/census/historical
Gujarat,The Dangs,Gujarat,The Dangs,1,1,one_to_one_same_name,Yes,Direct link; harmonize name where necessary,Preliminary; validate against Census Administrative Atlas,https://github.com/yashveeeeeeer/india-geodata/tree/main/data/census/historical
Gujarat,Vadodara,Gujarat,Vadodara,1,1,one_to_one_same_name,Yes,Direct link; harmonize name where necessary,Preliminary; validate against Census Administrative Atlas,https://github.com/yashveeeeeeer/india-geodata/tree/main/data/census/historical
Gujarat,Valsad,Gujarat,Valsad,1,1,one_to_one_same_name,Yes,Direct link; harmonize name where necessary,Preliminary; validate against Census Administrative Atlas,https://github.com/yashveeeeeeer/india-geodata/tree/main/data/census/historical
Haryana,Ambala,Haryana,Ambala,1,1,one_to_one_same_name,Yes,Direct link; harmonize name where necessary,Preliminary; validate against Census Administrative Atlas,https://github.com/yashveeeeeeer/india-geodata/tree/main/data/census/historical
Haryana,Bhiwani,Haryana,Bhiwani,1,1,one_to_one_same_name,Yes,Direct link; harmonize name where necessary,Preliminary; validate against Census Administrative Atlas,https://github.com/yashveeeeeeer/india-geodata/tree/main/data/census/historical
Haryana,Faridabad,Haryana,Faridabad,2,1,one_to_many_split,"Yes, after aggregation",Aggregate all 2011 child numerators and denominators to 2001 parent,Preliminary; validate against Census Administrative Atlas,https://github.com/yashveeeeeeer/india-geodata/tree/main/data/census/historical
Haryana,Faridabad,Haryana,Palwal,2,1,one_to_many_split,"Yes, after aggregation",Aggregate all 2011 child numerators and denominators to 2001 parent,Preliminary; validate against Census Administrative Atlas,https://github.com/yashveeeeeeer/india-geodata/tree/main/data/census/historical
Haryana,Fatehabad,Haryana,Fatehabad,1,1,one_to_one_same_name,Yes,Direct link; harmonize name where necessary,Preliminary; validate against Census Administrative Atlas,https://github.com/yashveeeeeeer/india-geodata/tree/main/data/census/historical
Haryana,Gurgaon,Haryana,Gurgaon,2,1,one_to_many_split,"Yes, after aggregation",Aggregate all 2011 child numerators and denominators to 2001 parent,Preliminary; validate against Census Administrative Atlas,https://github.com/yashveeeeeeer/india-geodata/tree/main/data/census/historical
Haryana,Gurgaon,Haryana,Mewat,2,1,one_to_many_split,"Yes, after aggregation",Aggregate all 2011 child numerators and denominators to 2001 parent,Preliminary; validate against Census Administrative Atlas,https://github.com/yashveeeeeeer/india-geodata/tree/main/data/census/historical
Haryana,Hisar,Haryana,Hisar,1,1,one_to_one_same_name,Yes,Direct link; harmonize name where necessary,Preliminary; validate against Census Administrative Atlas,https://github.com/yashveeeeeeer/india-geodata/tree/main/data/census/historical
Haryana,Jhajjar,Haryana,Jhajjar,1,1,one_to_one_same_name,Yes,Direct link; harmonize name where necessary,Preliminary; validate against Census Administrative Atlas,https://github.com/yashveeeeeeer/india-geodata/tree/main/data/census/historical
Haryana,Jind,Haryana,Jind,1,1,one_to_one_same_name,Yes,Direct link; harmonize name where necessary,Preliminary; validate against Census Administrative Atlas,https://github.com/yashveeeeeeer/india-geodata/tree/main/data/census/historical
Haryana,Kaithal,Haryana,Kaithal,1,1,one_to_one_same_name,Yes,Direct link; harmonize name where necessary,Preliminary; validate against Census Administrative Atlas,https://github.com/yashveeeeeeer/india-geodata/tree/main/data/census/historical
Haryana,Karnal,Haryana,Karnal,1,1,one_to_one_same_name,Yes,Direct link; harmonize name where necessary,Preliminary; validate against Census Administrative Atlas,https://github.com/yashveeeeeeer/india-geodata/tree/main/data/census/historical
Haryana,Kurukshetra,Haryana,Kurukshetra,1,1,one_to_one_same_name,Yes,Direct link; harmonize name where necessary,Preliminary; validate against Census Administrative Atlas,https://github.com/yashveeeeeeer/india-geodata/tree/main/data/census/historical
Haryana,Mahendragarh,Haryana,Mahendragarh,1,1,one_to_one_same_name,Yes,Direct link; harmonize name where necessary,Preliminary; validate against Census Administrative Atlas,https://github.com/yashveeeeeeer/india-geodata/tree/main/data/census/historical
Haryana,Panchkula,Haryana,Panchkula,1,1,one_to_one_same_name,Yes,Direct link; harmonize name where necessary,Preliminary; validate against Census Administrative Atlas,https://github.com/yashveeeeeeer/india-geodata/tree/main/data/census/historical
Haryana,Panipat,Haryana,Panipat,1,1,one_to_one_same_name,Yes,Direct link; harmonize name where necessary,Preliminary; validate against Census Administrative Atlas,https://github.com/yashveeeeeeer/india-geodata/tree/main/data/census/historical
Haryana,Rewari,Haryana,Rewari,1,1,one_to_one_same_name,Yes,Direct link; harmonize name where necessary,Preliminary; validate against Census Administrative Atlas,https://github.com/yashveeeeeeer/india-geodata/tree/main/data/census/historical
Haryana,Rohtak,Haryana,Rohtak,1,1,one_to_one_same_name,Yes,Direct link; harmonize name where necessary,Preliminary; validate against Census Administrative Atlas,https://github.com/yashveeeeeeer/india-geodata/tree/main/data/census/historical
Haryana,Sirsa,Haryana,Sirsa,1,1,one_to_one_same_name,Yes,Direct link; harmonize name where necessary,Preliminary; validate against Census Administrative Atlas,https://github.com/yashveeeeeeer/india-geodata/tree/main/data/census/historical
Haryana,Sonipat,Haryana,Sonipat,1,1,one_to_one_same_name,Yes,Direct link; harmonize name where necessary,Preliminary; validate against Census Administrative Atlas,https://github.com/yashveeeeeeer/india-geodata/tree/main/data/census/historical
Haryana,Yamunanagar,Haryana,Yamunanagar,1,1,one_to_one_same_name,Yes,Direct link; harmonize name where necessary,Preliminary; validate against Census Administrative Atlas,https://github.com/yashveeeeeeer/india-geodata/tree/main/data/census/historical
Himachal Pradesh,Bilaspur,Himachal Pradesh,Bilaspur,1,1,one_to_one_same_name,Yes,Direct link; harmonize name where necessary,Preliminary; validate against Census Administrative Atlas,https://github.com/yashveeeeeeer/india-geodata/tree/main/data/census/historical
Himachal Pradesh,Chamba,Himachal Pradesh,Chamba,1,1,one_to_one_same_name,Yes,Direct link; harmonize name where necessary,Preliminary; validate against Census Administrative Atlas,https://github.com/yashveeeeeeer/india-geodata/tree/main/data/census/historical
Himachal Pradesh,Hamirpur,Himachal Pradesh,Hamirpur,1,1,one_to_one_same_name,Yes,Direct link; harmonize name where necessary,Preliminary; validate against Census Administrative Atlas,https://github.com/yashveeeeeeer/india-geodata/tree/main/data/census/historical
Himachal Pradesh,Kangra,Himachal Pradesh,Kangra,1,1,one_to_one_same_name,Yes,Direct link; harmonize name where necessary,Preliminary; validate against Census Administrative Atlas,https://github.com/yashveeeeeeer/india-geodata/tree/main/data/census/historical
Himachal Pradesh,Kinnaur,Himachal Pradesh,Kinnaur,1,1,one_to_one_same_name,Yes,Direct link; harmonize name where necessary,Preliminary; validate against Census Administrative Atlas,https://github.com/yashveeeeeeer/india-geodata/tree/main/data/census/historical
Himachal Pradesh,Kullu,Himachal Pradesh,Kullu,1,1,one_to_one_same_name,Yes,Direct link; harmonize name where necessary,Preliminary; validate against Census Administrative Atlas,https://github.com/yashveeeeeeer/india-geodata/tree/main/data/census/historical
Himachal Pradesh,Lahul and Spiti,Himachal Pradesh,Lahul & Spiti,1,1,one_to_one_renamed,Yes,Direct link; harmonize name where necessary,Preliminary; validate against Census Administrative Atlas,https://github.com/yashveeeeeeer/india-geodata/tree/main/data/census/historical
Himachal Pradesh,Mandi,Himachal Pradesh,Mandi,1,1,one_to_one_same_name,Yes,Direct link; harmonize name where necessary,Preliminary; validate against Census Administrative Atlas,https://github.com/yashveeeeeeer/india-geodata/tree/main/data/census/historical
Himachal Pradesh,Shimla,Himachal Pradesh,Shimla,1,1,one_to_one_same_name,Yes,Direct link; harmonize name where necessary,Preliminary; validate against Census Administrative Atlas,https://github.com/yashveeeeeeer/india-geodata/tree/main/data/census/historical
Himachal Pradesh,Sirmaur,Himachal Pradesh,Sirmaur,1,1,one_to_one_same_name,Yes,Direct link; harmonize name where necessary,Preliminary; validate against Census Administrative Atlas,https://github.com/yashveeeeeeer/india-geodata/tree/main/data/census/historical
Himachal Pradesh,Solan,Himachal Pradesh,Solan,1,1,one_to_one_same_name,Yes,Direct link; harmonize name where necessary,Preliminary; validate against Census Administrative Atlas,https://github.com/yashveeeeeeer/india-geodata/tree/main/data/census/historical
Himachal Pradesh,Una,Himachal Pradesh,Una,1,1,one_to_one_same_name,Yes,Direct link; harmonize name where necessary,Preliminary; validate against Census Administrative Atlas,https://github.com/yashveeeeeeer/india-geodata/tree/main/data/census/historical
Jammu and Kashmir,Anantnag,Jammu & Kashmir,Anantnag,2,1,one_to_many_split,"Yes, after aggregation",Aggregate all 2011 child numerators and denominators to 2001 parent,Preliminary; validate against Census Administrative Atlas,https://github.com/yashveeeeeeer/india-geodata/tree/main/data/census/historical
Jammu and Kashmir,Anantnag,Jammu & Kashmir,Kulgam,2,2,many_to_many_reorganization,Not yet,Manual Census concordance or 2001/2011 district polygon overlay,Preliminary; validate against Census Administrative Atlas,https://github.com/yashveeeeeeer/india-geodata/tree/main/data/census/historical
Jammu and Kashmir,Badgam,Jammu & Kashmir,Badgam,1,1,one_to_one_same_name,Yes,Direct link; harmonize name where necessary,Preliminary; validate against Census Administrative Atlas,https://github.com/yashveeeeeeer/india-geodata/tree/main/data/census/historical
Jammu and Kashmir,Baramula,Jammu & Kashmir,Bandipore,3,1,one_to_many_split,"Yes, after aggregation",Aggregate all 2011 child numerators and denominators to 2001 parent,Preliminary; validate against Census Administrative Atlas,https://github.com/yashveeeeeeer/india-geodata/tree/main/data/census/historical
Jammu and Kashmir,Baramula,Jammu & Kashmir,Baramula,3,1,one_to_many_split,"Yes, after aggregation",Aggregate all 2011 child numerators and denominators to 2001 parent,Preliminary; validate against Census Administrative Atlas,https://github.com/yashveeeeeeer/india-geodata/tree/main/data/census/historical
Jammu and Kashmir,Baramula,Jammu & Kashmir,Ganderbal,3,1,one_to_many_split,"Yes, after aggregation",Aggregate all 2011 child numerators and denominators to 2001 parent,Preliminary; validate against Census Administrative Atlas,https://github.com/yashveeeeeeer/india-geodata/tree/main/data/census/historical
Jammu and Kashmir,Doda,Jammu & Kashmir,Doda,3,1,one_to_many_split,"Yes, after aggregation",Aggregate all 2011 child numerators and denominators to 2001 parent,Preliminary; validate against Census Administrative Atlas,https://github.com/yashveeeeeeer/india-geodata/tree/main/data/census/historical
Jammu and Kashmir,Doda,Jammu & Kashmir,Kishtwar,3,1,one_to_many_split,"Yes, after aggregation",Aggregate all 2011 child numerators and denominators to 2001 parent,Preliminary; validate against Census Administrative Atlas,https://github.com/yashveeeeeeer/india-geodata/tree/main/data/census/historical
Jammu and Kashmir,Doda,Jammu & Kashmir,Ramban,3,1,one_to_many_split,"Yes, after aggregation",Aggregate all 2011 child numerators and denominators to 2001 parent,Preliminary; validate against Census Administrative Atlas,https://github.com/yashveeeeeeer/india-geodata/tree/main/data/census/historical
Jammu and Kashmir,Jammu,Jammu & Kashmir,Jammu,2,1,one_to_many_split,"Yes, after aggregation",Aggregate all 2011 child numerators and denominators to 2001 parent,Preliminary; validate against Census Administrative Atlas,https://github.com/yashveeeeeeer/india-geodata/tree/main/data/census/historical
Jammu and Kashmir,Jammu,Jammu & Kashmir,Samba,2,1,one_to_many_split,"Yes, after aggregation",Aggregate all 2011 child numerators and denominators to 2001 parent,Preliminary; validate against Census Administrative Atlas,https://github.com/yashveeeeeeer/india-geodata/tree/main/data/census/historical
Jammu and Kashmir,Kargil,Jammu & Kashmir,Kargil,1,1,one_to_one_same_name,Yes,Direct link; harmonize name where necessary,Preliminary; validate against Census Administrative Atlas,https://github.com/yashveeeeeeer/india-geodata/tree/main/data/census/historical
Jammu and Kashmir,Kathua,Jammu & Kashmir,Kathua,1,1,one_to_one_same_name,Yes,Direct link; harmonize name where necessary,Preliminary; validate against Census Administrative Atlas,https://github.com/yashveeeeeeer/india-geodata/tree/main/data/census/historical
Jammu and Kashmir,Kupwara,Jammu & Kashmir,Kupwara,1,1,one_to_one_same_name,Yes,Direct link; harmonize name where necessary,Preliminary; validate against Census Administrative Atlas,https://github.com/yashveeeeeeer/india-geodata/tree/main/data/census/historical
Jammu and Kashmir,Leh (Ladakh),Jammu & Kashmir,Leh (Ladakh),1,1,one_to_one_same_name,Yes,Direct link; harmonize name where necessary,Preliminary; validate against Census Administrative Atlas,https://github.com/yashveeeeeeer/india-geodata/tree/main/data/census/historical
Jammu and Kashmir,Pulwama,Jammu & Kashmir,Kulgam,3,2,many_to_many_reorganization,Not yet,Manual Census concordance or 2001/2011 district polygon overlay,Preliminary; validate against Census Administrative Atlas,https://github.com/yashveeeeeeer/india-geodata/tree/main/data/census/historical
Jammu and Kashmir,Pulwama,Jammu & Kashmir,Pulwama,3,1,one_to_many_split,"Yes, after aggregation",Aggregate all 2011 child numerators and denominators to 2001 parent,Preliminary; validate against Census Administrative Atlas,https://github.com/yashveeeeeeer/india-geodata/tree/main/data/census/historical
Jammu and Kashmir,Pulwama,Jammu & Kashmir,Shupiyan,3,1,one_to_many_split,"Yes, after aggregation",Aggregate all 2011 child numerators and denominators to 2001 parent,Preliminary; validate against Census Administrative Atlas,https://github.com/yashveeeeeeer/india-geodata/tree/main/data/census/historical
Jammu and Kashmir,Punch,Jammu & Kashmir,Punch,1,1,one_to_one_same_name,Yes,Direct link; harmonize name where necessary,Preliminary; validate against Census Administrative Atlas,https://github.com/yashveeeeeeer/india-geodata/tree/main/data/census/historical
Jammu and Kashmir,Rajauri,Jammu & Kashmir,Rajouri,1,1,one_to_one_renamed,Yes,Direct link; harmonize name where necessary,Preliminary; validate against Census Administrative Atlas,https://github.com/yashveeeeeeer/india-geodata/tree/main/data/census/historical
Jammu and Kashmir,Srinagar,Jammu & Kashmir,Srinagar,1,1,one_to_one_same_name,Yes,Direct link; harmonize name where necessary,Preliminary; validate against Census Administrative Atlas,https://github.com/yashveeeeeeer/india-geodata/tree/main/data/census/historical
Jammu and Kashmir,Udhampur,Jammu & Kashmir,Reasi,2,1,one_to_many_split,"Yes, after aggregation",Aggregate all 2011 child numerators and denominators to 2001 parent,Preliminary; validate against Census Administrative Atlas,https://github.com/yashveeeeeeer/india-geodata/tree/main/data/census/historical
Jammu and Kashmir,Udhampur,Jammu & Kashmir,Udhampur,2,1,one_to_many_split,"Yes, after aggregation",Aggregate all 2011 child numerators and denominators to 2001 parent,Preliminary; validate against Census Administrative Atlas,https://github.com/yashveeeeeeer/india-geodata/tree/main/data/census/historical
Jharkhand,Bokaro,Jharkhand,Bokaro,1,1,one_to_one_same_name,Yes,Direct link; harmonize name where necessary,Preliminary; validate against Census Administrative Atlas,https://github.com/yashveeeeeeer/india-geodata/tree/main/data/census/historical
Jharkhand,Chatra,Jharkhand,Chatra,1,1,one_to_one_same_name,Yes,Direct link; harmonize name where necessary,Preliminary; validate against Census Administrative Atlas,https://github.com/yashveeeeeeer/india-geodata/tree/main/data/census/historical
Jharkhand,Deoghar,Jharkhand,Deoghar,1,1,one_to_one_same_name,Yes,Direct link; harmonize name where necessary,Preliminary; validate against Census Administrative Atlas,https://github.com/yashveeeeeeer/india-geodata/tree/main/data/census/historical
Jharkhand,Dhanbad,Jharkhand,Dhanbad,1,1,one_to_one_same_name,Yes,Direct link; harmonize name where necessary,Preliminary; validate against Census Administrative Atlas,https://github.com/yashveeeeeeer/india-geodata/tree/main/data/census/historical
Jharkhand,Dumka,Jharkhand,Dumka,2,1,one_to_many_split,"Yes, after aggregation",Aggregate all 2011 child numerators and denominators to 2001 parent,Preliminary; validate against Census Administrative Atlas,https://github.com/yashveeeeeeer/india-geodata/tree/main/data/census/historical
Jharkhand,Dumka,Jharkhand,Jamtara,2,1,one_to_many_split,"Yes, after aggregation",Aggregate all 2011 child numerators and denominators to 2001 parent,Preliminary; validate against Census Administrative Atlas,https://github.com/yashveeeeeeer/india-geodata/tree/main/data/census/historical
Jharkhand,Garhwa,Jharkhand,Garhwa,1,1,one_to_one_same_name,Yes,Direct link; harmonize name where necessary,Preliminary; validate against Census Administrative Atlas,https://github.com/yashveeeeeeer/india-geodata/tree/main/data/census/historical
Jharkhand,Giridih,Jharkhand,Giridih,1,1,one_to_one_same_name,Yes,Direct link; harmonize name where necessary,Preliminary; validate against Census Administrative Atlas,https://github.com/yashveeeeeeer/india-geodata/tree/main/data/census/historical
Jharkhand,Godda,Jharkhand,Godda,1,1,one_to_one_same_name,Yes,Direct link; harmonize name where necessary,Preliminary; validate against Census Administrative Atlas,https://github.com/yashveeeeeeer/india-geodata/tree/main/data/census/historical
Jharkhand,Gumla,Jharkhand,Gumla,2,1,one_to_many_split,"Yes, after aggregation",Aggregate all 2011 child numerators and denominators to 2001 parent,Preliminary; validate against Census Administrative Atlas,https://github.com/yashveeeeeeer/india-geodata/tree/main/data/census/historical
Jharkhand,Gumla,Jharkhand,Simdega,2,1,one_to_many_split,"Yes, after aggregation",Aggregate all 2011 child numerators and denominators to 2001 parent,Preliminary; validate against Census Administrative Atlas,https://github.com/yashveeeeeeer/india-geodata/tree/main/data/census/historical
Jharkhand,Hazaribag,Jharkhand,Hazaribagh,2,1,one_to_many_split,"Yes, after aggregation",Aggregate all 2011 child numerators and denominators to 2001 parent,Preliminary; validate against Census Administrative Atlas,https://github.com/yashveeeeeeer/india-geodata/tree/main/data/census/historical
Jharkhand,Hazaribag,Jharkhand,Ramgarh,2,1,one_to_many_split,"Yes, after aggregation",Aggregate all 2011 child numerators and denominators to 2001 parent,Preliminary; validate against Census Administrative Atlas,https://github.com/yashveeeeeeer/india-geodata/tree/main/data/census/historical
Jharkhand,Kodarma,Jharkhand,Kodarma,1,1,one_to_one_same_name,Yes,Direct link; harmonize name where necessary,Preliminary; validate against Census Administrative Atlas,https://github.com/yashveeeeeeer/india-geodata/tree/main/data/census/historical
Jharkhand,Lohardaga,Jharkhand,Lohardaga,1,1,one_to_one_same_name,Yes,Direct link; harmonize name where necessary,Preliminary; validate against Census Administrative Atlas,https://github.com/yashveeeeeeer/india-geodata/tree/main/data/census/historical
Jharkhand,Pakaur,Jharkhand,Pakur,1,1,one_to_one_renamed,Yes,Direct link; harmonize name where necessary,Preliminary; validate against Census Administrative Atlas,https://github.com/yashveeeeeeer/india-geodata/tree/main/data/census/historical
Jharkhand,Palamu,Jharkhand,Latehar,2,1,one_to_many_split,"Yes, after aggregation",Aggregate all 2011 child numerators and denominators to 2001 parent,Preliminary; validate against Census Administrative Atlas,https://github.com/yashveeeeeeer/india-geodata/tree/main/data/census/historical
Jharkhand,Palamu,Jharkhand,Palamu,2,1,one_to_many_split,"Yes, after aggregation",Aggregate all 2011 child numerators and denominators to 2001 parent,Preliminary; validate against Census Administrative Atlas,https://github.com/yashveeeeeeer/india-geodata/tree/main/data/census/historical
Jharkhand,Pashchimi Singhbhum,Jharkhand,Pashchimi Singhbhum,2,1,one_to_many_split,"Yes, after aggregation",Aggregate all 2011 child numerators and denominators to 2001 parent,Preliminary; validate against Census Administrative Atlas,https://github.com/yashveeeeeeer/india-geodata/tree/main/data/census/historical
Jharkhand,Pashchimi Singhbhum,Jharkhand,Saraikela-kharsawan,2,1,one_to_many_split,"Yes, after aggregation",Aggregate all 2011 child numerators and denominators to 2001 parent,Preliminary; validate against Census Administrative Atlas,https://github.com/yashveeeeeeer/india-geodata/tree/main/data/census/historical
Jharkhand,Purbi Singhbhum,Jharkhand,Purbi Singhbhum,1,1,one_to_one_same_name,Yes,Direct link; harmonize name where necessary,Preliminary; validate against Census Administrative Atlas,https://github.com/yashveeeeeeer/india-geodata/tree/main/data/census/historical
Jharkhand,Ranchi,Jharkhand,Khunti,2,1,one_to_many_split,"Yes, after aggregation",Aggregate all 2011 child numerators and denominators to 2001 parent,Preliminary; validate against Census Administrative Atlas,https://github.com/yashveeeeeeer/india-geodata/tree/main/data/census/historical
Jharkhand,Ranchi,Jharkhand,Ranchi,2,1,one_to_many_split,"Yes, after aggregation",Aggregate all 2011 child numerators and denominators to 2001 parent,Preliminary; validate against Census Administrative Atlas,https://github.com/yashveeeeeeer/india-geodata/tree/main/data/census/historical
Jharkhand,Sahibganj,Jharkhand,Sahibganj,1,1,one_to_one_same_name,Yes,Direct link; harmonize name where necessary,Preliminary; validate against Census Administrative Atlas,https://github.com/yashveeeeeeer/india-geodata/tree/main/data/census/historical
Karnataka,Bagalkot,Karnataka,Bagalkot,1,1,one_to_one_same_name,Yes,Direct link; harmonize name where necessary,Preliminary; validate against Census Administrative Atlas,https://github.com/yashveeeeeeer/india-geodata/tree/main/data/census/historical
Karnataka,Bangalore,Karnataka,Bangalore,1,1,one_to_one_same_name,Yes,Direct link; harmonize name where necessary,Preliminary; validate against Census Administrative Atlas,https://github.com/yashveeeeeeer/india-geodata/tree/main/data/census/historical
Karnataka,Bangalore Rural,Karnataka,Bangalore Rural,2,1,one_to_many_split,"Yes, after aggregation",Aggregate all 2011 child numerators and denominators to 2001 parent,Preliminary; validate against Census Administrative Atlas,https://github.com/yashveeeeeeer/india-geodata/tree/main/data/census/historical
Karnataka,Bangalore Rural,Karnataka,Ramanagara,2,1,one_to_many_split,"Yes, after aggregation",Aggregate all 2011 child numerators and denominators to 2001 parent,Preliminary; validate against Census Administrative Atlas,https://github.com/yashveeeeeeer/india-geodata/tree/main/data/census/historical
Karnataka,Belgaum,Karnataka,Belgaum,1,1,one_to_one_same_name,Yes,Direct link; harmonize name where necessary,Preliminary; validate against Census Administrative Atlas,https://github.com/yashveeeeeeer/india-geodata/tree/main/data/census/historical
Karnataka,Bellary,Karnataka,Bellary,1,1,one_to_one_same_name,Yes,Direct link; harmonize name where necessary,Preliminary; validate against Census Administrative Atlas,https://github.com/yashveeeeeeer/india-geodata/tree/main/data/census/historical
Karnataka,Bidar,Karnataka,Bidar,1,1,one_to_one_same_name,Yes,Direct link; harmonize name where necessary,Preliminary; validate against Census Administrative Atlas,https://github.com/yashveeeeeeer/india-geodata/tree/main/data/census/historical
Karnataka,Bijapur,Karnataka,Bijapur,1,1,one_to_one_same_name,Yes,Direct link; harmonize name where necessary,Preliminary; validate against Census Administrative Atlas,https://github.com/yashveeeeeeer/india-geodata/tree/main/data/census/historical
Karnataka,Chamarajanagar,Karnataka,Chamarajanagar,1,1,one_to_one_same_name,Yes,Direct link; harmonize name where necessary,Preliminary; validate against Census Administrative Atlas,https://github.com/yashveeeeeeer/india-geodata/tree/main/data/census/historical
Karnataka,Chikmagalur,Karnataka,Chikmagalur,1,1,one_to_one_same_name,Yes,Direct link; harmonize name where necessary,Preliminary; validate against Census Administrative Atlas,https://github.com/yashveeeeeeer/india-geodata/tree/main/data/census/historical
Karnataka,Chitradurga,Karnataka,Chitradurga,1,1,one_to_one_same_name,Yes,Direct link; harmonize name where necessary,Preliminary; validate against Census Administrative Atlas,https://github.com/yashveeeeeeer/india-geodata/tree/main/data/census/historical
Karnataka,Dakshina Kannada,Karnataka,Dakshina Kannada,1,1,one_to_one_same_name,Yes,Direct link; harmonize name where necessary,Preliminary; validate against Census Administrative Atlas,https://github.com/yashveeeeeeer/india-geodata/tree/main/data/census/historical
Karnataka,Davanagere,Karnataka,Davanagere,1,1,one_to_one_same_name,Yes,Direct link; harmonize name where necessary,Preliminary; validate against Census Administrative Atlas,https://github.com/yashveeeeeeer/india-geodata/tree/main/data/census/historical
Karnataka,Dharwad,Karnataka,Dharwad,1,1,one_to_one_same_name,Yes,Direct link; harmonize name where necessary,Preliminary; validate against Census Administrative Atlas,https://github.com/yashveeeeeeer/india-geodata/tree/main/data/census/historical
Karnataka,Gadag,Karnataka,Gadag,1,1,one_to_one_same_name,Yes,Direct link; harmonize name where necessary,Preliminary; validate against Census Administrative Atlas,https://github.com/yashveeeeeeer/india-geodata/tree/main/data/census/historical
Karnataka,Gulbarga,Karnataka,Gulbarga,2,1,one_to_many_split,"Yes, after aggregation",Aggregate all 2011 child numerators and denominators to 2001 parent,Preliminary; validate against Census Administrative Atlas,https://github.com/yashveeeeeeer/india-geodata/tree/main/data/census/historical
Karnataka,Gulbarga,Karnataka,Yadgir,2,1,one_to_many_split,"Yes, after aggregation",Aggregate all 2011 child numerators and denominators to 2001 parent,Preliminary; validate against Census Administrative Atlas,https://github.com/yashveeeeeeer/india-geodata/tree/main/data/census/historical
Karnataka,Hassan,Karnataka,Hassan,1,1,one_to_one_same_name,Yes,Direct link; harmonize name where necessary,Preliminary; validate against Census Administrative Atlas,https://github.com/yashveeeeeeer/india-geodata/tree/main/data/census/historical
Karnataka,Haveri,Karnataka,Haveri,1,1,one_to_one_same_name,Yes,Direct link; harmonize name where necessary,Preliminary; validate against Census Administrative Atlas,https://github.com/yashveeeeeeer/india-geodata/tree/main/data/census/historical
Karnataka,Kodagu,Karnataka,Kodagu,1,1,one_to_one_same_name,Yes,Direct link; harmonize name where necessary,Preliminary; validate against Census Administrative Atlas,https://github.com/yashveeeeeeer/india-geodata/tree/main/data/census/historical
Karnataka,Kolar,Karnataka,Chikkaballapura,2,1,one_to_many_split,"Yes, after aggregation",Aggregate all 2011 child numerators and denominators to 2001 parent,Preliminary; validate against Census Administrative Atlas,https://github.com/yashveeeeeeer/india-geodata/tree/main/data/census/historical
Karnataka,Kolar,Karnataka,Kolar,2,1,one_to_many_split,"Yes, after aggregation",Aggregate all 2011 child numerators and denominators to 2001 parent,Preliminary; validate against Census Administrative Atlas,https://github.com/yashveeeeeeer/india-geodata/tree/main/data/census/historical
Karnataka,Koppal,Karnataka,Koppal,1,1,one_to_one_same_name,Yes,Direct link; harmonize name where necessary,Preliminary; validate against Census Administrative Atlas,https://github.com/yashveeeeeeer/india-geodata/tree/main/data/census/historical
Karnataka,Mandya,Karnataka,Mandya,1,1,one_to_one_same_name,Yes,Direct link; harmonize name where necessary,Preliminary; validate against Census Administrative Atlas,https://github.com/yashveeeeeeer/india-geodata/tree/main/data/census/historical
Karnataka,Mysore,Karnataka,Mysore,1,1,one_to_one_same_name,Yes,Direct link; harmonize name where necessary,Preliminary; validate against Census Administrative Atlas,https://github.com/yashveeeeeeer/india-geodata/tree/main/data/census/historical
Karnataka,Raichur,Karnataka,Raichur,1,1,one_to_one_same_name,Yes,Direct link; harmonize name where necessary,Preliminary; validate against Census Administrative Atlas,https://github.com/yashveeeeeeer/india-geodata/tree/main/data/census/historical
Karnataka,Shimoga,Karnataka,Shimoga,1,1,one_to_one_same_name,Yes,Direct link; harmonize name where necessary,Preliminary; validate against Census Administrative Atlas,https://github.com/yashveeeeeeer/india-geodata/tree/main/data/census/historical
Karnataka,Tumkur,Karnataka,Tumkur,1,1,one_to_one_same_name,Yes,Direct link; harmonize name where necessary,Preliminary; validate against Census Administrative Atlas,https://github.com/yashveeeeeeer/india-geodata/tree/main/data/census/historical
Karnataka,Udupi,Karnataka,Udupi,1,1,one_to_one_same_name,Yes,Direct link; harmonize name where necessary,Preliminary; validate against Census Administrative Atlas,https://github.com/yashveeeeeeer/india-geodata/tree/main/data/census/historical
Karnataka,Uttara Kannada,Karnataka,Uttara Kannada,1,1,one_to_one_same_name,Yes,Direct link; harmonize name where necessary,Preliminary; validate against Census Administrative Atlas,https://github.com/yashveeeeeeer/india-geodata/tree/main/data/census/historical
Kerala,Alappuzha,Kerala,Alappuzha,1,1,one_to_one_same_name,Yes,Direct link; harmonize name where necessary,Preliminary; validate against Census Administrative Atlas,https://github.com/yashveeeeeeer/india-geodata/tree/main/data/census/historical
Kerala,Ernakulam,Kerala,Ernakulam,1,1,one_to_one_same_name,Yes,Direct link; harmonize name where necessary,Preliminary; validate against Census Administrative Atlas,https://github.com/yashveeeeeeer/india-geodata/tree/main/data/census/historical
Kerala,Idukki,Kerala,Idukki,1,1,one_to_one_same_name,Yes,Direct link; harmonize name where necessary,Preliminary; validate against Census Administrative Atlas,https://github.com/yashveeeeeeer/india-geodata/tree/main/data/census/historical
Kerala,Kannur,Kerala,Kannur,1,1,one_to_one_same_name,Yes,Direct link; harmonize name where necessary,Preliminary; validate against Census Administrative Atlas,https://github.com/yashveeeeeeer/india-geodata/tree/main/data/census/historical
Kerala,Kasargod,Kerala,Kasargod,1,1,one_to_one_same_name,Yes,Direct link; harmonize name where necessary,Preliminary; validate against Census Administrative Atlas,https://github.com/yashveeeeeeer/india-geodata/tree/main/data/census/historical
Kerala,Kollam,Kerala,Kollam,1,1,one_to_one_same_name,Yes,Direct link; harmonize name where necessary,Preliminary; validate against Census Administrative Atlas,https://github.com/yashveeeeeeer/india-geodata/tree/main/data/census/historical
Kerala,Kottayam,Kerala,Kottayam,1,1,one_to_one_same_name,Yes,Direct link; harmonize name where necessary,Preliminary; validate against Census Administrative Atlas,https://github.com/yashveeeeeeer/india-geodata/tree/main/data/census/historical
Kerala,Kozhikode,Kerala,Kozhikode,1,1,one_to_one_same_name,Yes,Direct link; harmonize name where necessary,Preliminary; validate against Census Administrative Atlas,https://github.com/yashveeeeeeer/india-geodata/tree/main/data/census/historical
Kerala,Malappuram,Kerala,Malappuram,1,1,one_to_one_same_name,Yes,Direct link; harmonize name where necessary,Preliminary; validate against Census Administrative Atlas,https://github.com/yashveeeeeeer/india-geodata/tree/main/data/census/historical
Kerala,Palakkad,Kerala,Palakkad,1,1,one_to_one_same_name,Yes,Direct link; harmonize name where necessary,Preliminary; validate against Census Administrative Atlas,https://github.com/yashveeeeeeer/india-geodata/tree/main/data/census/historical
Kerala,Pathanamthitta,Kerala,Pathanamthitta,1,1,one_to_one_same_name,Yes,Direct link; harmonize name where necessary,Preliminary; validate against Census Administrative Atlas,https://github.com/yashveeeeeeer/india-geodata/tree/main/data/census/historical
Kerala,Thiruvananthapuram,Kerala,Thiruvananthapuram,1,1,one_to_one_same_name,Yes,Direct link; harmonize name where necessary,Preliminary; validate against Census Administrative Atlas,https://github.com/yashveeeeeeer/india-geodata/tree/main/data/census/historical
Kerala,Thrissur,Kerala,Thrissur,1,1,one_to_one_same_name,Yes,Direct link; harmonize name where necessary,Preliminary; validate against Census Administrative Atlas,https://github.com/yashveeeeeeer/india-geodata/tree/main/data/census/historical
Kerala,Wayanad,Kerala,Wayanad,1,1,one_to_one_same_name,Yes,Direct link; harmonize name where necessary,Preliminary; validate against Census Administrative Atlas,https://github.com/yashveeeeeeer/india-geodata/tree/main/data/census/historical
Lakshadweep,Lakshadweep,Lakshadweep,Lakshadweep,1,1,one_to_one_same_name,Yes,Direct link; harmonize name where necessary,Preliminary; validate against Census Administrative Atlas,https://github.com/yashveeeeeeer/india-geodata/tree/main/data/census/historical
Madhya Pradesh,Balaghat,Madhya Pradesh,Balaghat,1,1,one_to_one_same_name,Yes,Direct link; harmonize name where necessary,Preliminary; validate against Census Administrative Atlas,https://github.com/yashveeeeeeer/india-geodata/tree/main/data/census/historical
Madhya Pradesh,Barwani,Madhya Pradesh,Barwani,1,1,one_to_one_same_name,Yes,Direct link; harmonize name where necessary,Preliminary; validate against Census Administrative Atlas,https://github.com/yashveeeeeeer/india-geodata/tree/main/data/census/historical
Madhya Pradesh,Betul,Madhya Pradesh,Betul,1,1,one_to_one_same_name,Yes,Direct link; harmonize name where necessary,Preliminary; validate against Census Administrative Atlas,https://github.com/yashveeeeeeer/india-geodata/tree/main/data/census/historical
Madhya Pradesh,Bhind,Madhya Pradesh,Bhind,1,1,one_to_one_same_name,Yes,Direct link; harmonize name where necessary,Preliminary; validate against Census Administrative Atlas,https://github.com/yashveeeeeeer/india-geodata/tree/main/data/census/historical
Madhya Pradesh,Bhopal,Madhya Pradesh,Bhopal,1,1,one_to_one_same_name,Yes,Direct link; harmonize name where necessary,Preliminary; validate against Census Administrative Atlas,https://github.com/yashveeeeeeer/india-geodata/tree/main/data/census/historical
Madhya Pradesh,Chhatarpur,Madhya Pradesh,Chhatarpur,1,1,one_to_one_same_name,Yes,Direct link; harmonize name where necessary,Preliminary; validate against Census Administrative Atlas,https://github.com/yashveeeeeeer/india-geodata/tree/main/data/census/historical
Madhya Pradesh,Chhindwara,Madhya Pradesh,Chhindwara,1,1,one_to_one_same_name,Yes,Direct link; harmonize name where necessary,Preliminary; validate against Census Administrative Atlas,https://github.com/yashveeeeeeer/india-geodata/tree/main/data/census/historical
Madhya Pradesh,Damoh,Madhya Pradesh,Damoh,1,1,one_to_one_same_name,Yes,Direct link; harmonize name where necessary,Preliminary; validate against Census Administrative Atlas,https://github.com/yashveeeeeeer/india-geodata/tree/main/data/census/historical
Madhya Pradesh,Datia,Madhya Pradesh,Datia,1,1,one_to_one_same_name,Yes,Direct link; harmonize name where necessary,Preliminary; validate against Census Administrative Atlas,https://github.com/yashveeeeeeer/india-geodata/tree/main/data/census/historical
Madhya Pradesh,Dewas,Madhya Pradesh,Dewas,1,1,one_to_one_same_name,Yes,Direct link; harmonize name where necessary,Preliminary; validate against Census Administrative Atlas,https://github.com/yashveeeeeeer/india-geodata/tree/main/data/census/historical
Madhya Pradesh,Dhar,Madhya Pradesh,Dhar,1,1,one_to_one_same_name,Yes,Direct link; harmonize name where necessary,Preliminary; validate against Census Administrative Atlas,https://github.com/yashveeeeeeer/india-geodata/tree/main/data/census/historical
Madhya Pradesh,Dindori,Madhya Pradesh,Dindori,1,1,one_to_one_same_name,Yes,Direct link; harmonize name where necessary,Preliminary; validate against Census Administrative Atlas,https://github.com/yashveeeeeeer/india-geodata/tree/main/data/census/historical
Madhya Pradesh,East Nimar,Madhya Pradesh,Burhanpur,2,1,one_to_many_split,"Yes, after aggregation",Aggregate all 2011 child numerators and denominators to 2001 parent,Preliminary; validate against Census Administrative Atlas,https://github.com/yashveeeeeeer/india-geodata/tree/main/data/census/historical
Madhya Pradesh,East Nimar,Madhya Pradesh,Khandwa (East Nimar),2,1,one_to_many_split,"Yes, after aggregation",Aggregate all 2011 child numerators and denominators to 2001 parent,Preliminary; validate against Census Administrative Atlas,https://github.com/yashveeeeeeer/india-geodata/tree/main/data/census/historical
Madhya Pradesh,Guna,Madhya Pradesh,Ashoknagar,2,1,one_to_many_split,"Yes, after aggregation",Aggregate all 2011 child numerators and denominators to 2001 parent,Preliminary; validate against Census Administrative Atlas,https://github.com/yashveeeeeeer/india-geodata/tree/main/data/census/historical
Madhya Pradesh,Guna,Madhya Pradesh,Guna,2,1,one_to_many_split,"Yes, after aggregation",Aggregate all 2011 child numerators and denominators to 2001 parent,Preliminary; validate against Census Administrative Atlas,https://github.com/yashveeeeeeer/india-geodata/tree/main/data/census/historical
Madhya Pradesh,Gwalior,Madhya Pradesh,Gwalior,1,1,one_to_one_same_name,Yes,Direct link; harmonize name where necessary,Preliminary; validate against Census Administrative Atlas,https://github.com/yashveeeeeeer/india-geodata/tree/main/data/census/historical
Madhya Pradesh,Harda,Madhya Pradesh,Harda,1,1,one_to_one_same_name,Yes,Direct link; harmonize name where necessary,Preliminary; validate against Census Administrative Atlas,https://github.com/yashveeeeeeer/india-geodata/tree/main/data/census/historical
Madhya Pradesh,Hoshangabad,Madhya Pradesh,Hoshangabad,1,1,one_to_one_same_name,Yes,Direct link; harmonize name where necessary,Preliminary; validate against Census Administrative Atlas,https://github.com/yashveeeeeeer/india-geodata/tree/main/data/census/historical
Madhya Pradesh,Indore,Madhya Pradesh,Indore,1,1,one_to_one_same_name,Yes,Direct link; harmonize name where necessary,Preliminary; validate against Census Administrative Atlas,https://github.com/yashveeeeeeer/india-geodata/tree/main/data/census/historical
Madhya Pradesh,Jabalpur,Madhya Pradesh,Jabalpur,1,1,one_to_one_same_name,Yes,Direct link; harmonize name where necessary,Preliminary; validate against Census Administrative Atlas,https://github.com/yashveeeeeeer/india-geodata/tree/main/data/census/historical
Madhya Pradesh,Jhabua,Madhya Pradesh,Alirajpur,2,1,one_to_many_split,"Yes, after aggregation",Aggregate all 2011 child numerators and denominators to 2001 parent,Preliminary; validate against Census Administrative Atlas,https://github.com/yashveeeeeeer/india-geodata/tree/main/data/census/historical
Madhya Pradesh,Jhabua,Madhya Pradesh,Jhabua,2,1,one_to_many_split,"Yes, after aggregation",Aggregate all 2011 child numerators and denominators to 2001 parent,Preliminary; validate against Census Administrative Atlas,https://github.com/yashveeeeeeer/india-geodata/tree/main/data/census/historical
Madhya Pradesh,Katni,Madhya Pradesh,Katni,1,1,one_to_one_same_name,Yes,Direct link; harmonize name where necessary,Preliminary; validate against Census Administrative Atlas,https://github.com/yashveeeeeeer/india-geodata/tree/main/data/census/historical
Madhya Pradesh,Mandla,Madhya Pradesh,Mandla,1,1,one_to_one_same_name,Yes,Direct link; harmonize name where necessary,Preliminary; validate against Census Administrative Atlas,https://github.com/yashveeeeeeer/india-geodata/tree/main/data/census/historical
Madhya Pradesh,Mandsaur,Madhya Pradesh,Mandsaur,1,1,one_to_one_same_name,Yes,Direct link; harmonize name where necessary,Preliminary; validate against Census Administrative Atlas,https://github.com/yashveeeeeeer/india-geodata/tree/main/data/census/historical
Madhya Pradesh,Morena,Madhya Pradesh,Morena,1,1,one_to_one_same_name,Yes,Direct link; harmonize name where necessary,Preliminary; validate against Census Administrative Atlas,https://github.com/yashveeeeeeer/india-geodata/tree/main/data/census/historical
Madhya Pradesh,Narsimhapur,Madhya Pradesh,Narsimhapur,1,1,one_to_one_same_name,Yes,Direct link; harmonize name where necessary,Preliminary; validate against Census Administrative Atlas,https://github.com/yashveeeeeeer/india-geodata/tree/main/data/census/historical
Madhya Pradesh,Neemuch,Madhya Pradesh,Neemuch,1,1,one_to_one_same_name,Yes,Direct link; harmonize name where necessary,Preliminary; validate against Census Administrative Atlas,https://github.com/yashveeeeeeer/india-geodata/tree/main/data/census/historical
Madhya Pradesh,Panna,Madhya Pradesh,Panna,1,1,one_to_one_same_name,Yes,Direct link; harmonize name where necessary,Preliminary; validate against Census Administrative Atlas,https://github.com/yashveeeeeeer/india-geodata/tree/main/data/census/historical
Madhya Pradesh,Raisen,Madhya Pradesh,Raisen,1,1,one_to_one_same_name,Yes,Direct link; harmonize name where necessary,Preliminary; validate against Census Administrative Atlas,https://github.com/yashveeeeeeer/india-geodata/tree/main/data/census/historical
Madhya Pradesh,Rajgarh,Madhya Pradesh,Rajgarh,1,1,one_to_one_same_name,Yes,Direct link; harmonize name where necessary,Preliminary; validate against Census Administrative Atlas,https://github.com/yashveeeeeeer/india-geodata/tree/main/data/census/historical
Madhya Pradesh,Ratlam,Madhya Pradesh,Ratlam,1,1,one_to_one_same_name,Yes,Direct link; harmonize name where necessary,Preliminary; validate against Census Administrative Atlas,https://github.com/yashveeeeeeer/india-geodata/tree/main/data/census/historical
Madhya Pradesh,Rewa,Madhya Pradesh,Rewa,1,1,one_to_one_same_name,Yes,Direct link; harmonize name where necessary,Preliminary; validate against Census Administrative Atlas,https://github.com/yashveeeeeeer/india-geodata/tree/main/data/census/historical
Madhya Pradesh,Sagar,Madhya Pradesh,Sagar,1,1,one_to_one_same_name,Yes,Direct link; harmonize name where necessary,Preliminary; validate against Census Administrative Atlas,https://github.com/yashveeeeeeer/india-geodata/tree/main/data/census/historical
Madhya Pradesh,Satna,Madhya Pradesh,Satna,1,1,one_to_one_same_name,Yes,Direct link; harmonize name where necessary,Preliminary; validate against Census Administrative Atlas,https://github.com/yashveeeeeeer/india-geodata/tree/main/data/census/historical
Madhya Pradesh,Sehore,Madhya Pradesh,Sehore,1,1,one_to_one_same_name,Yes,Direct link; harmonize name where necessary,Preliminary; validate against Census Administrative Atlas,https://github.com/yashveeeeeeer/india-geodata/tree/main/data/census/historical
Madhya Pradesh,Seoni,Madhya Pradesh,Seoni,1,1,one_to_one_same_name,Yes,Direct link; harmonize name where necessary,Preliminary; validate against Census Administrative Atlas,https://github.com/yashveeeeeeer/india-geodata/tree/main/data/census/historical
Madhya Pradesh,Shahdol,Madhya Pradesh,Annupur,2,1,one_to_many_split,"Yes, after aggregation",Aggregate all 2011 child numerators and denominators to 2001 parent,Preliminary; validate against Census Administrative Atlas,https://github.com/yashveeeeeeer/india-geodata/tree/main/data/census/historical
Madhya Pradesh,Shahdol,Madhya Pradesh,Shahdol,2,1,one_to_many_split,"Yes, after aggregation",Aggregate all 2011 child numerators and denominators to 2001 parent,Preliminary; validate against Census Administrative Atlas,https://github.com/yashveeeeeeer/india-geodata/tree/main/data/census/historical
Madhya Pradesh,Shajapur,Madhya Pradesh,Shajapur,1,1,one_to_one_same_name,Yes,Direct link; harmonize name where necessary,Preliminary; validate against Census Administrative Atlas,https://github.com/yashveeeeeeer/india-geodata/tree/main/data/census/historical
Madhya Pradesh,Sheopur,Madhya Pradesh,Sheopur,1,1,one_to_one_same_name,Yes,Direct link; harmonize name where necessary,Preliminary; validate against Census Administrative Atlas,https://github.com/yashveeeeeeer/india-geodata/tree/main/data/census/historical
Madhya Pradesh,Shivpuri,Madhya Pradesh,Shivpuri,1,1,one_to_one_same_name,Yes,Direct link; harmonize name where necessary,Preliminary; validate against Census Administrative Atlas,https://github.com/yashveeeeeeer/india-geodata/tree/main/data/census/historical
Madhya Pradesh,Sidhi,Madhya Pradesh,Sidhi,2,1,one_to_many_split,"Yes, after aggregation",Aggregate all 2011 child numerators and denominators to 2001 parent,Preliminary; validate against Census Administrative Atlas,https://github.com/yashveeeeeeer/india-geodata/tree/main/data/census/historical
Madhya Pradesh,Sidhi,Madhya Pradesh,Singrauli,2,1,one_to_many_split,"Yes, after aggregation",Aggregate all 2011 child numerators and denominators to 2001 parent,Preliminary; validate against Census Administrative Atlas,https://github.com/yashveeeeeeer/india-geodata/tree/main/data/census/historical
Madhya Pradesh,Tikamgarh,Madhya Pradesh,Tikamgarh,1,1,one_to_one_same_name,Yes,Direct link; harmonize name where necessary,Preliminary; validate against Census Administrative Atlas,https://github.com/yashveeeeeeer/india-geodata/tree/main/data/census/historical
Madhya Pradesh,Ujjain,Madhya Pradesh,Ujjain,1,1,one_to_one_same_name,Yes,Direct link; harmonize name where necessary,Preliminary; validate against Census Administrative Atlas,https://github.com/yashveeeeeeer/india-geodata/tree/main/data/census/historical
Madhya Pradesh,Umaria,Madhya Pradesh,Umaria,1,1,one_to_one_same_name,Yes,Direct link; harmonize name where necessary,Preliminary; validate against Census Administrative Atlas,https://github.com/yashveeeeeeer/india-geodata/tree/main/data/census/historical
Madhya Pradesh,Vidisha,Madhya Pradesh,Vidisha,1,1,one_to_one_same_name,Yes,Direct link; harmonize name where necessary,Preliminary; validate against Census Administrative Atlas,https://github.com/yashveeeeeeer/india-geodata/tree/main/data/census/historical
Madhya Pradesh,West Nimar,Madhya Pradesh,Khargone (West Nimar),1,1,one_to_one_renamed,Yes,Direct link; harmonize name where necessary,Preliminary; validate against Census Administrative Atlas,https://github.com/yashveeeeeeer/india-geodata/tree/main/data/census/historical
Maharashtra,Ahmadnagar,Maharashtra,Ahmadnagar,1,1,one_to_one_same_name,Yes,Direct link; harmonize name where necessary,Preliminary; validate against Census Administrative Atlas,https://github.com/yashveeeeeeer/india-geodata/tree/main/data/census/historical
Maharashtra,Akola,Maharashtra,Akola,1,1,one_to_one_same_name,Yes,Direct link; harmonize name where necessary,Preliminary; validate against Census Administrative Atlas,https://github.com/yashveeeeeeer/india-geodata/tree/main/data/census/historical
Maharashtra,Amravati,Maharashtra,Amravati,1,1,one_to_one_same_name,Yes,Direct link; harmonize name where necessary,Preliminary; validate against Census Administrative Atlas,https://github.com/yashveeeeeeer/india-geodata/tree/main/data/census/historical
Maharashtra,Aurangabad,Maharashtra,Aurangabad,1,1,one_to_one_same_name,Yes,Direct link; harmonize name where necessary,Preliminary; validate against Census Administrative Atlas,https://github.com/yashveeeeeeer/india-geodata/tree/main/data/census/historical
Maharashtra,Bhandara,Maharashtra,Bhandara,1,1,one_to_one_same_name,Yes,Direct link; harmonize name where necessary,Preliminary; validate against Census Administrative Atlas,https://github.com/yashveeeeeeer/india-geodata/tree/main/data/census/historical
Maharashtra,Bid,Maharashtra,Bid,1,1,one_to_one_same_name,Yes,Direct link; harmonize name where necessary,Preliminary; validate against Census Administrative Atlas,https://github.com/yashveeeeeeer/india-geodata/tree/main/data/census/historical
Maharashtra,Buldana,Maharashtra,Buldana,1,1,one_to_one_same_name,Yes,Direct link; harmonize name where necessary,Preliminary; validate against Census Administrative Atlas,https://github.com/yashveeeeeeer/india-geodata/tree/main/data/census/historical
Maharashtra,Chandrapur,Maharashtra,Chandrapur,1,1,one_to_one_same_name,Yes,Direct link; harmonize name where necessary,Preliminary; validate against Census Administrative Atlas,https://github.com/yashveeeeeeer/india-geodata/tree/main/data/census/historical
Maharashtra,Dhule,Maharashtra,Dhule,1,1,one_to_one_same_name,Yes,Direct link; harmonize name where necessary,Preliminary; validate against Census Administrative Atlas,https://github.com/yashveeeeeeer/india-geodata/tree/main/data/census/historical
Maharashtra,Gadchiroli,Maharashtra,Gadchiroli,1,1,one_to_one_same_name,Yes,Direct link; harmonize name where necessary,Preliminary; validate against Census Administrative Atlas,https://github.com/yashveeeeeeer/india-geodata/tree/main/data/census/historical
Maharashtra,Gondiya,Maharashtra,Gondiya,1,1,one_to_one_same_name,Yes,Direct link; harmonize name where necessary,Preliminary; validate against Census Administrative Atlas,https://github.com/yashveeeeeeer/india-geodata/tree/main/data/census/historical
Maharashtra,Hingoli,Maharashtra,Hingoli,1,1,one_to_one_same_name,Yes,Direct link; harmonize name where necessary,Preliminary; validate against Census Administrative Atlas,https://github.com/yashveeeeeeer/india-geodata/tree/main/data/census/historical
Maharashtra,Jalgaon,Maharashtra,Jalgaon,1,1,one_to_one_same_name,Yes,Direct link; harmonize name where necessary,Preliminary; validate against Census Administrative Atlas,https://github.com/yashveeeeeeer/india-geodata/tree/main/data/census/historical
Maharashtra,Jalna,Maharashtra,Jalna,1,1,one_to_one_same_name,Yes,Direct link; harmonize name where necessary,Preliminary; validate against Census Administrative Atlas,https://github.com/yashveeeeeeer/india-geodata/tree/main/data/census/historical
Maharashtra,Kolhapur,Maharashtra,Kolhapur,1,1,one_to_one_same_name,Yes,Direct link; harmonize name where necessary,Preliminary; validate against Census Administrative Atlas,https://github.com/yashveeeeeeer/india-geodata/tree/main/data/census/historical
Maharashtra,Latur,Maharashtra,Latur,1,1,one_to_one_same_name,Yes,Direct link; harmonize name where necessary,Preliminary; validate against Census Administrative Atlas,https://github.com/yashveeeeeeer/india-geodata/tree/main/data/census/historical
Maharashtra,Mumbai,Maharashtra,Mumbai,1,1,one_to_one_same_name,Yes,Direct link; harmonize name where necessary,Preliminary; validate against Census Administrative Atlas,https://github.com/yashveeeeeeer/india-geodata/tree/main/data/census/historical
Maharashtra,Mumbai (Suburban),Maharashtra,Mumbai Suburban,1,1,one_to_one_same_name,Yes,Direct link; harmonize name where necessary,Preliminary; validate against Census Administrative Atlas,https://github.com/yashveeeeeeer/india-geodata/tree/main/data/census/historical
Maharashtra,Nagpur,Maharashtra,Nagpur,1,1,one_to_one_same_name,Yes,Direct link; harmonize name where necessary,Preliminary; validate against Census Administrative Atlas,https://github.com/yashveeeeeeer/india-geodata/tree/main/data/census/historical
Maharashtra,Nanded,Maharashtra,Nanded,1,1,one_to_one_same_name,Yes,Direct link; harmonize name where necessary,Preliminary; validate against Census Administrative Atlas,https://github.com/yashveeeeeeer/india-geodata/tree/main/data/census/historical
Maharashtra,Nandurbar,Maharashtra,Nandurbar,1,1,one_to_one_same_name,Yes,Direct link; harmonize name where necessary,Preliminary; validate against Census Administrative Atlas,https://github.com/yashveeeeeeer/india-geodata/tree/main/data/census/historical
Maharashtra,Nashik,Maharashtra,Nashik,1,1,one_to_one_same_name,Yes,Direct link; harmonize name where necessary,Preliminary; validate against Census Administrative Atlas,https://github.com/yashveeeeeeer/india-geodata/tree/main/data/census/historical
Maharashtra,Osmanabad,Maharashtra,Osmanabad,1,1,one_to_one_same_name,Yes,Direct link; harmonize name where necessary,Preliminary; validate against Census Administrative Atlas,https://github.com/yashveeeeeeer/india-geodata/tree/main/data/census/historical
Maharashtra,Parbhani,Maharashtra,Parbhani,1,1,one_to_one_same_name,Yes,Direct link; harmonize name where necessary,Preliminary; validate against Census Administrative Atlas,https://github.com/yashveeeeeeer/india-geodata/tree/main/data/census/historical
Maharashtra,Pune,Maharashtra,Pune,1,1,one_to_one_same_name,Yes,Direct link; harmonize name where necessary,Preliminary; validate against Census Administrative Atlas,https://github.com/yashveeeeeeer/india-geodata/tree/main/data/census/historical
Maharashtra,Raigarh,Maharashtra,Raigarh,1,1,one_to_one_same_name,Yes,Direct link; harmonize name where necessary,Preliminary; validate against Census Administrative Atlas,https://github.com/yashveeeeeeer/india-geodata/tree/main/data/census/historical
Maharashtra,Ratnagiri,Maharashtra,Ratnagiri,1,1,one_to_one_same_name,Yes,Direct link; harmonize name where necessary,Preliminary; validate against Census Administrative Atlas,https://github.com/yashveeeeeeer/india-geodata/tree/main/data/census/historical
Maharashtra,Sangli,Maharashtra,Sangli,1,1,one_to_one_same_name,Yes,Direct link; harmonize name where necessary,Preliminary; validate against Census Administrative Atlas,https://github.com/yashveeeeeeer/india-geodata/tree/main/data/census/historical
Maharashtra,Satara,Maharashtra,Satara,1,1,one_to_one_same_name,Yes,Direct link; harmonize name where necessary,Preliminary; validate against Census Administrative Atlas,https://github.com/yashveeeeeeer/india-geodata/tree/main/data/census/historical
Maharashtra,Sindhudurg,Maharashtra,Sindhudurg,1,1,one_to_one_same_name,Yes,Direct link; harmonize name where necessary,Preliminary; validate against Census Administrative Atlas,https://github.com/yashveeeeeeer/india-geodata/tree/main/data/census/historical
Maharashtra,Solapur,Maharashtra,Solapur,1,1,one_to_one_same_name,Yes,Direct link; harmonize name where necessary,Preliminary; validate against Census Administrative Atlas,https://github.com/yashveeeeeeer/india-geodata/tree/main/data/census/historical
Maharashtra,Thane,Maharashtra,Thane,1,1,one_to_one_same_name,Yes,Direct link; harmonize name where necessary,Preliminary; validate against Census Administrative Atlas,https://github.com/yashveeeeeeer/india-geodata/tree/main/data/census/historical
Maharashtra,Wardha,Maharashtra,Wardha,1,1,one_to_one_same_name,Yes,Direct link; harmonize name where necessary,Preliminary; validate against Census Administrative Atlas,https://github.com/yashveeeeeeer/india-geodata/tree/main/data/census/historical
Maharashtra,Washim,Maharashtra,Washim,1,1,one_to_one_same_name,Yes,Direct link; harmonize name where necessary,Preliminary; validate against Census Administrative Atlas,https://github.com/yashveeeeeeer/india-geodata/tree/main/data/census/historical
Maharashtra,Yavatmal,Maharashtra,Yavatmal,1,1,one_to_one_same_name,Yes,Direct link; harmonize name where necessary,Preliminary; validate against Census Administrative Atlas,https://github.com/yashveeeeeeer/india-geodata/tree/main/data/census/historical
Manipur,Bishnupur,Manipur,Bishnupur,1,1,one_to_one_same_name,Yes,Direct link; harmonize name where necessary,Preliminary; validate against Census Administrative Atlas,https://github.com/yashveeeeeeer/india-geodata/tree/main/data/census/historical
Manipur,Chandel,Manipur,Chandel,1,1,one_to_one_same_name,Yes,Direct link; harmonize name where necessary,Preliminary; validate against Census Administrative Atlas,https://github.com/yashveeeeeeer/india-geodata/tree/main/data/census/historical
Manipur,Churachandpur,Manipur,Churachandpur,1,1,one_to_one_same_name,Yes,Direct link; harmonize name where necessary,Preliminary; validate against Census Administrative Atlas,https://github.com/yashveeeeeeer/india-geodata/tree/main/data/census/historical
Manipur,Imphal East,Manipur,Imphal East,1,1,one_to_one_same_name,Yes,Direct link; harmonize name where necessary,Preliminary; validate against Census Administrative Atlas,https://github.com/yashveeeeeeer/india-geodata/tree/main/data/census/historical
Manipur,Imphal West,Manipur,Imphal West,1,1,one_to_one_same_name,Yes,Direct link; harmonize name where necessary,Preliminary; validate against Census Administrative Atlas,https://github.com/yashveeeeeeer/india-geodata/tree/main/data/census/historical
Manipur,Senapati,Manipur,Senapati,1,1,one_to_one_same_name,Yes,Direct link; harmonize name where necessary,Preliminary; validate against Census Administrative Atlas,https://github.com/yashveeeeeeer/india-geodata/tree/main/data/census/historical
Manipur,Tamenglong,Manipur,Tamenglong,1,1,one_to_one_same_name,Yes,Direct link; harmonize name where necessary,Preliminary; validate against Census Administrative Atlas,https://github.com/yashveeeeeeer/india-geodata/tree/main/data/census/historical
Manipur,Thoubal,Manipur,Thoubal,1,1,one_to_one_same_name,Yes,Direct link; harmonize name where necessary,Preliminary; validate against Census Administrative Atlas,https://github.com/yashveeeeeeer/india-geodata/tree/main/data/census/historical
Manipur,Ukhrul,Manipur,Ukhrul,1,1,one_to_one_same_name,Yes,Direct link; harmonize name where necessary,Preliminary; validate against Census Administrative Atlas,https://github.com/yashveeeeeeer/india-geodata/tree/main/data/census/historical
Meghalaya,East Garo Hills,Meghalaya,East Garo Hills,1,1,one_to_one_same_name,Yes,Direct link; harmonize name where necessary,Preliminary; validate against Census Administrative Atlas,https://github.com/yashveeeeeeer/india-geodata/tree/main/data/census/historical
Meghalaya,East Khasi Hills,Meghalaya,East Khasi Hills,1,1,one_to_one_same_name,Yes,Direct link; harmonize name where necessary,Preliminary; validate against Census Administrative Atlas,https://github.com/yashveeeeeeer/india-geodata/tree/main/data/census/historical
Meghalaya,Jaintia Hills,Meghalaya,Jaintia Hills,1,1,one_to_one_same_name,Yes,Direct link; harmonize name where necessary,Preliminary; validate against Census Administrative Atlas,https://github.com/yashveeeeeeer/india-geodata/tree/main/data/census/historical
Meghalaya,Ri Bhoi,Meghalaya,Ri Bhoi,1,1,one_to_one_same_name,Yes,Direct link; harmonize name where necessary,Preliminary; validate against Census Administrative Atlas,https://github.com/yashveeeeeeer/india-geodata/tree/main/data/census/historical
Meghalaya,South Garo Hills,Meghalaya,South Garo Hills,1,1,one_to_one_same_name,Yes,Direct link; harmonize name where necessary,Preliminary; validate against Census Administrative Atlas,https://github.com/yashveeeeeeer/india-geodata/tree/main/data/census/historical
Meghalaya,West Garo Hills,Meghalaya,West Garo Hills,1,1,one_to_one_same_name,Yes,Direct link; harmonize name where necessary,Preliminary; validate against Census Administrative Atlas,https://github.com/yashveeeeeeer/india-geodata/tree/main/data/census/historical
Meghalaya,West Khasi Hills,Meghalaya,West Khasi Hills,1,1,one_to_one_same_name,Yes,Direct link; harmonize name where necessary,Preliminary; validate against Census Administrative Atlas,https://github.com/yashveeeeeeer/india-geodata/tree/main/data/census/historical
Mizoram,Aizawl,Mizoram,Aizawl,1,1,one_to_one_same_name,Yes,Direct link; harmonize name where necessary,Preliminary; validate against Census Administrative Atlas,https://github.com/yashveeeeeeer/india-geodata/tree/main/data/census/historical
Mizoram,Champhai,Mizoram,Champhai,1,1,one_to_one_same_name,Yes,Direct link; harmonize name where necessary,Preliminary; validate against Census Administrative Atlas,https://github.com/yashveeeeeeer/india-geodata/tree/main/data/census/historical
Mizoram,Kolasib,Mizoram,Kolasib,1,1,one_to_one_same_name,Yes,Direct link; harmonize name where necessary,Preliminary; validate against Census Administrative Atlas,https://github.com/yashveeeeeeer/india-geodata/tree/main/data/census/historical
Mizoram,Lawngtlai,Mizoram,Lawngtlai,1,1,one_to_one_same_name,Yes,Direct link; harmonize name where necessary,Preliminary; validate against Census Administrative Atlas,https://github.com/yashveeeeeeer/india-geodata/tree/main/data/census/historical
Mizoram,Lunglei,Mizoram,Lunglei,1,1,one_to_one_same_name,Yes,Direct link; harmonize name where necessary,Preliminary; validate against Census Administrative Atlas,https://github.com/yashveeeeeeer/india-geodata/tree/main/data/census/historical
Mizoram,Mamit,Mizoram,Mamit,1,1,one_to_one_same_name,Yes,Direct link; harmonize name where necessary,Preliminary; validate against Census Administrative Atlas,https://github.com/yashveeeeeeer/india-geodata/tree/main/data/census/historical
Mizoram,Saiha,Mizoram,Saiha,1,1,one_to_one_same_name,Yes,Direct link; harmonize name where necessary,Preliminary; validate against Census Administrative Atlas,https://github.com/yashveeeeeeer/india-geodata/tree/main/data/census/historical
Mizoram,Serchhip,Mizoram,Serchhip,1,1,one_to_one_same_name,Yes,Direct link; harmonize name where necessary,Preliminary; validate against Census Administrative Atlas,https://github.com/yashveeeeeeer/india-geodata/tree/main/data/census/historical
Nagaland,Dimapur,Nagaland,Dimapur,1,1,one_to_one_same_name,Yes,Direct link; harmonize name where necessary,Preliminary; validate against Census Administrative Atlas,https://github.com/yashveeeeeeer/india-geodata/tree/main/data/census/historical
Nagaland,Kohima,Nagaland,Kohima,2,1,one_to_many_split,"Yes, after aggregation",Aggregate all 2011 child numerators and denominators to 2001 parent,Preliminary; validate against Census Administrative Atlas,https://github.com/yashveeeeeeer/india-geodata/tree/main/data/census/historical
Nagaland,Kohima,Nagaland,Peren,2,1,one_to_many_split,"Yes, after aggregation",Aggregate all 2011 child numerators and denominators to 2001 parent,Preliminary; validate against Census Administrative Atlas,https://github.com/yashveeeeeeer/india-geodata/tree/main/data/census/historical
Nagaland,Mokokchung,Nagaland,Mokokchung,1,1,one_to_one_same_name,Yes,Direct link; harmonize name where necessary,Preliminary; validate against Census Administrative Atlas,https://github.com/yashveeeeeeer/india-geodata/tree/main/data/census/historical
Nagaland,Mon,Nagaland,Mon,1,1,one_to_one_same_name,Yes,Direct link; harmonize name where necessary,Preliminary; validate against Census Administrative Atlas,https://github.com/yashveeeeeeer/india-geodata/tree/main/data/census/historical
Nagaland,Phek,Nagaland,Phek,1,1,one_to_one_same_name,Yes,Direct link; harmonize name where necessary,Preliminary; validate against Census Administrative Atlas,https://github.com/yashveeeeeeer/india-geodata/tree/main/data/census/historical
Nagaland,Tuensang,Nagaland,Kiphire,3,1,one_to_many_split,"Yes, after aggregation",Aggregate all 2011 child numerators and denominators to 2001 parent,Preliminary; validate against Census Administrative Atlas,https://github.com/yashveeeeeeer/india-geodata/tree/main/data/census/historical
Nagaland,Tuensang,Nagaland,Longleng,3,1,one_to_many_split,"Yes, after aggregation",Aggregate all 2011 child numerators and denominators to 2001 parent,Preliminary; validate against Census Administrative Atlas,https://github.com/yashveeeeeeer/india-geodata/tree/main/data/census/historical
Nagaland,Tuensang,Nagaland,Tuensang,3,1,one_to_many_split,"Yes, after aggregation",Aggregate all 2011 child numerators and denominators to 2001 parent,Preliminary; validate against Census Administrative Atlas,https://github.com/yashveeeeeeer/india-geodata/tree/main/data/census/historical
Nagaland,Wokha,Nagaland,Wokha,1,1,one_to_one_same_name,Yes,Direct link; harmonize name where necessary,Preliminary; validate against Census Administrative Atlas,https://github.com/yashveeeeeeer/india-geodata/tree/main/data/census/historical
Nagaland,Zunheboto,Nagaland,Zunheboto,1,1,one_to_one_same_name,Yes,Direct link; harmonize name where necessary,Preliminary; validate against Census Administrative Atlas,https://github.com/yashveeeeeeer/india-geodata/tree/main/data/census/historical
Orissa,Anugul,Odisha,Anugul,1,1,one_to_one_same_name,Yes,Direct link; harmonize name where necessary,Preliminary; validate against Census Administrative Atlas,https://github.com/yashveeeeeeer/india-geodata/tree/main/data/census/historical
Orissa,Balangir,Odisha,Balangir,1,1,one_to_one_same_name,Yes,Direct link; harmonize name where necessary,Preliminary; validate against Census Administrative Atlas,https://github.com/yashveeeeeeer/india-geodata/tree/main/data/census/historical
Orissa,Baleshwar,Odisha,Baleshwar,1,1,one_to_one_same_name,Yes,Direct link; harmonize name where necessary,Preliminary; validate against Census Administrative Atlas,https://github.com/yashveeeeeeer/india-geodata/tree/main/data/census/historical
Orissa,Bargarh,Odisha,Bargarh,1,1,one_to_one_same_name,Yes,Direct link; harmonize name where necessary,Preliminary; validate against Census Administrative Atlas,https://github.com/yashveeeeeeer/india-geodata/tree/main/data/census/historical
Orissa,Baudh,Odisha,Baudh,1,1,one_to_one_same_name,Yes,Direct link; harmonize name where necessary,Preliminary; validate against Census Administrative Atlas,https://github.com/yashveeeeeeer/india-geodata/tree/main/data/census/historical
Orissa,Bhadrak,Odisha,Bhadrak,1,1,one_to_one_same_name,Yes,Direct link; harmonize name where necessary,Preliminary; validate against Census Administrative Atlas,https://github.com/yashveeeeeeer/india-geodata/tree/main/data/census/historical
Orissa,Cuttack,Odisha,Cuttack,1,1,one_to_one_same_name,Yes,Direct link; harmonize name where necessary,Preliminary; validate against Census Administrative Atlas,https://github.com/yashveeeeeeer/india-geodata/tree/main/data/census/historical
Orissa,Debagarh,Odisha,Debagarh,1,1,one_to_one_same_name,Yes,Direct link; harmonize name where necessary,Preliminary; validate against Census Administrative Atlas,https://github.com/yashveeeeeeer/india-geodata/tree/main/data/census/historical
Orissa,Dhenkanal,Odisha,Dhenkanal,1,1,one_to_one_same_name,Yes,Direct link; harmonize name where necessary,Preliminary; validate against Census Administrative Atlas,https://github.com/yashveeeeeeer/india-geodata/tree/main/data/census/historical
Orissa,Gajapati,Odisha,Gajapati,1,1,one_to_one_same_name,Yes,Direct link; harmonize name where necessary,Preliminary; validate against Census Administrative Atlas,https://github.com/yashveeeeeeer/india-geodata/tree/main/data/census/historical
Orissa,Ganjam,Odisha,Ganjam,1,1,one_to_one_same_name,Yes,Direct link; harmonize name where necessary,Preliminary; validate against Census Administrative Atlas,https://github.com/yashveeeeeeer/india-geodata/tree/main/data/census/historical
Orissa,Jagatsinghapur,Odisha,Jagatsinghapur,1,1,one_to_one_same_name,Yes,Direct link; harmonize name where necessary,Preliminary; validate against Census Administrative Atlas,https://github.com/yashveeeeeeer/india-geodata/tree/main/data/census/historical
Orissa,Jajapur,Odisha,Jajapur,1,1,one_to_one_same_name,Yes,Direct link; harmonize name where necessary,Preliminary; validate against Census Administrative Atlas,https://github.com/yashveeeeeeer/india-geodata/tree/main/data/census/historical
Orissa,Jharsuguda,Odisha,Jharsuguda,1,1,one_to_one_same_name,Yes,Direct link; harmonize name where necessary,Preliminary; validate against Census Administrative Atlas,https://github.com/yashveeeeeeer/india-geodata/tree/main/data/census/historical
Orissa,Kalahandi,Odisha,Kalahandi,1,1,one_to_one_same_name,Yes,Direct link; harmonize name where necessary,Preliminary; validate against Census Administrative Atlas,https://github.com/yashveeeeeeer/india-geodata/tree/main/data/census/historical
Orissa,Kandhamal,Odisha,Kandhamal,1,1,one_to_one_same_name,Yes,Direct link; harmonize name where necessary,Preliminary; validate against Census Administrative Atlas,https://github.com/yashveeeeeeer/india-geodata/tree/main/data/census/historical
Orissa,Kendrapara,Odisha,Kendrapara,1,1,one_to_one_same_name,Yes,Direct link; harmonize name where necessary,Preliminary; validate against Census Administrative Atlas,https://github.com/yashveeeeeeer/india-geodata/tree/main/data/census/historical
Orissa,Kendujhar,Odisha,Kendujhar,1,1,one_to_one_same_name,Yes,Direct link; harmonize name where necessary,Preliminary; validate against Census Administrative Atlas,https://github.com/yashveeeeeeer/india-geodata/tree/main/data/census/historical
Orissa,Khordha,Odisha,Khordha,1,1,one_to_one_same_name,Yes,Direct link; harmonize name where necessary,Preliminary; validate against Census Administrative Atlas,https://github.com/yashveeeeeeer/india-geodata/tree/main/data/census/historical
Orissa,Koraput,Odisha,Koraput,1,1,one_to_one_same_name,Yes,Direct link; harmonize name where necessary,Preliminary; validate against Census Administrative Atlas,https://github.com/yashveeeeeeer/india-geodata/tree/main/data/census/historical
Orissa,Malkangiri,Odisha,Malkangiri,1,1,one_to_one_same_name,Yes,Direct link; harmonize name where necessary,Preliminary; validate against Census Administrative Atlas,https://github.com/yashveeeeeeer/india-geodata/tree/main/data/census/historical
Orissa,Mayurbhanj,Odisha,Mayurbhanj,1,1,one_to_one_same_name,Yes,Direct link; harmonize name where necessary,Preliminary; validate against Census Administrative Atlas,https://github.com/yashveeeeeeer/india-geodata/tree/main/data/census/historical
Orissa,Nabarangapur,Odisha,Nabarangapur,1,1,one_to_one_same_name,Yes,Direct link; harmonize name where necessary,Preliminary; validate against Census Administrative Atlas,https://github.com/yashveeeeeeer/india-geodata/tree/main/data/census/historical
Orissa,Nayagarh,Odisha,Nayagarh,1,1,one_to_one_same_name,Yes,Direct link; harmonize name where necessary,Preliminary; validate against Census Administrative Atlas,https://github.com/yashveeeeeeer/india-geodata/tree/main/data/census/historical
Orissa,Nuapada,Odisha,Nuapada,1,1,one_to_one_same_name,Yes,Direct link; harmonize name where necessary,Preliminary; validate against Census Administrative Atlas,https://github.com/yashveeeeeeer/india-geodata/tree/main/data/census/historical
Orissa,Puri,Odisha,Puri,1,1,one_to_one_same_name,Yes,Direct link; harmonize name where necessary,Preliminary; validate against Census Administrative Atlas,https://github.com/yashveeeeeeer/india-geodata/tree/main/data/census/historical
Orissa,Rayagada,Odisha,Rayagada,1,1,one_to_one_same_name,Yes,Direct link; harmonize name where necessary,Preliminary; validate against Census Administrative Atlas,https://github.com/yashveeeeeeer/india-geodata/tree/main/data/census/historical
Orissa,Sambalpur,Odisha,Sambalpur,1,1,one_to_one_same_name,Yes,Direct link; harmonize name where necessary,Preliminary; validate against Census Administrative Atlas,https://github.com/yashveeeeeeer/india-geodata/tree/main/data/census/historical
Orissa,Sonapur,Odisha,Subarnapur,1,1,one_to_one_renamed,Yes,Direct link; harmonize name where necessary,Preliminary; validate against Census Administrative Atlas,https://github.com/yashveeeeeeer/india-geodata/tree/main/data/census/historical
Orissa,Sundargarh,Odisha,Sundargarh,1,1,one_to_one_same_name,Yes,Direct link; harmonize name where necessary,Preliminary; validate against Census Administrative Atlas,https://github.com/yashveeeeeeer/india-geodata/tree/main/data/census/historical
Pondicherry,Karaikal,Puducherry,Karaikal,1,1,one_to_one_same_name,Yes,Direct link; harmonize name where necessary,Preliminary; validate against Census Administrative Atlas,https://github.com/yashveeeeeeer/india-geodata/tree/main/data/census/historical
Pondicherry,Mahe,Puducherry,Mahe,1,1,one_to_one_same_name,Yes,Direct link; harmonize name where necessary,Preliminary; validate against Census Administrative Atlas,https://github.com/yashveeeeeeer/india-geodata/tree/main/data/census/historical
Pondicherry,Pondicherry,Puducherry,Puducherry,1,1,one_to_one_renamed,Yes,Direct link; harmonize name where necessary,Preliminary; validate against Census Administrative Atlas,https://github.com/yashveeeeeeer/india-geodata/tree/main/data/census/historical
Pondicherry,Yanam,Puducherry,Yanam,1,1,one_to_one_same_name,Yes,Direct link; harmonize name where necessary,Preliminary; validate against Census Administrative Atlas,https://github.com/yashveeeeeeer/india-geodata/tree/main/data/census/historical
Punjab,Amritsar,Punjab,Amritsar,2,1,one_to_many_split,"Yes, after aggregation",Aggregate all 2011 child numerators and denominators to 2001 parent,Preliminary; validate against Census Administrative Atlas,https://github.com/yashveeeeeeer/india-geodata/tree/main/data/census/historical
Punjab,Amritsar,Punjab,Tarn Taran,2,1,one_to_many_split,"Yes, after aggregation",Aggregate all 2011 child numerators and denominators to 2001 parent,Preliminary; validate against Census Administrative Atlas,https://github.com/yashveeeeeeer/india-geodata/tree/main/data/census/historical
Punjab,Bathinda,Punjab,Bathinda,1,1,one_to_one_same_name,Yes,Direct link; harmonize name where necessary,Preliminary; validate against Census Administrative Atlas,https://github.com/yashveeeeeeer/india-geodata/tree/main/data/census/historical
Punjab,Faridkot,Punjab,Faridkot,1,1,one_to_one_same_name,Yes,Direct link; harmonize name where necessary,Preliminary; validate against Census Administrative Atlas,https://github.com/yashveeeeeeer/india-geodata/tree/main/data/census/historical
Punjab,Fatehgarh Sahib,Punjab,Fatehgarh Sahib,1,1,one_to_one_same_name,Yes,Direct link; harmonize name where necessary,Preliminary; validate against Census Administrative Atlas,https://github.com/yashveeeeeeer/india-geodata/tree/main/data/census/historical
Punjab,Firozpur,Punjab,Firozpur,1,1,one_to_one_same_name,Yes,Direct link; harmonize name where necessary,Preliminary; validate against Census Administrative Atlas,https://github.com/yashveeeeeeer/india-geodata/tree/main/data/census/historical
Punjab,Gurdaspur,Punjab,Gurdaspur,1,1,one_to_one_same_name,Yes,Direct link; harmonize name where necessary,Preliminary; validate against Census Administrative Atlas,https://github.com/yashveeeeeeer/india-geodata/tree/main/data/census/historical
Punjab,Hoshiarpur,Punjab,Hoshiarpur,1,1,one_to_one_same_name,Yes,Direct link; harmonize name where necessary,Preliminary; validate against Census Administrative Atlas,https://github.com/yashveeeeeeer/india-geodata/tree/main/data/census/historical
Punjab,Jalandhar,Punjab,Jalandhar,1,1,one_to_one_same_name,Yes,Direct link; harmonize name where necessary,Preliminary; validate against Census Administrative Atlas,https://github.com/yashveeeeeeer/india-geodata/tree/main/data/census/historical
Punjab,Kapurthala,Punjab,Kapurthala,1,1,one_to_one_same_name,Yes,Direct link; harmonize name where necessary,Preliminary; validate against Census Administrative Atlas,https://github.com/yashveeeeeeer/india-geodata/tree/main/data/census/historical
Punjab,Ludhiana,Punjab,Ludhiana,1,1,one_to_one_same_name,Yes,Direct link; harmonize name where necessary,Preliminary; validate against Census Administrative Atlas,https://github.com/yashveeeeeeer/india-geodata/tree/main/data/census/historical
Punjab,Mansa,Punjab,Mansa,1,1,one_to_one_same_name,Yes,Direct link; harmonize name where necessary,Preliminary; validate against Census Administrative Atlas,https://github.com/yashveeeeeeer/india-geodata/tree/main/data/census/historical
Punjab,Moga,Punjab,Moga,1,1,one_to_one_same_name,Yes,Direct link; harmonize name where necessary,Preliminary; validate against Census Administrative Atlas,https://github.com/yashveeeeeeer/india-geodata/tree/main/data/census/historical
Punjab,Muktsar,Punjab,Muktsar,1,1,one_to_one_same_name,Yes,Direct link; harmonize name where necessary,Preliminary; validate against Census Administrative Atlas,https://github.com/yashveeeeeeer/india-geodata/tree/main/data/census/historical
Punjab,Nawanshahr,Punjab,Shahid Bhagat Singh Nagar,1,1,one_to_one_renamed,Yes,Direct link; harmonize name where necessary,Preliminary; validate against Census Administrative Atlas,https://github.com/yashveeeeeeer/india-geodata/tree/main/data/census/historical
Punjab,Patiala,Punjab,Patiala,2,1,one_to_many_split,"Yes, after aggregation",Aggregate all 2011 child numerators and denominators to 2001 parent,Preliminary; validate against Census Administrative Atlas,https://github.com/yashveeeeeeer/india-geodata/tree/main/data/census/historical
Punjab,Patiala,Punjab,Sahibzada Ajit Singh Nagar,2,2,many_to_many_reorganization,Not yet,Manual Census concordance or 2001/2011 district polygon overlay,Preliminary; validate against Census Administrative Atlas,https://github.com/yashveeeeeeer/india-geodata/tree/main/data/census/historical
Punjab,Rupnagar,Punjab,Rupnagar,2,1,one_to_many_split,"Yes, after aggregation",Aggregate all 2011 child numerators and denominators to 2001 parent,Preliminary; validate against Census Administrative Atlas,https://github.com/yashveeeeeeer/india-geodata/tree/main/data/census/historical
Punjab,Rupnagar,Punjab,Sahibzada Ajit Singh Nagar,2,2,many_to_many_reorganization,Not yet,Manual Census concordance or 2001/2011 district polygon overlay,Preliminary; validate against Census Administrative Atlas,https://github.com/yashveeeeeeer/india-geodata/tree/main/data/census/historical
Punjab,Sangrur,Punjab,Barnala,2,1,one_to_many_split,"Yes, after aggregation",Aggregate all 2011 child numerators and denominators to 2001 parent,Preliminary; validate against Census Administrative Atlas,https://github.com/yashveeeeeeer/india-geodata/tree/main/data/census/historical
Punjab,Sangrur,Punjab,Sangrur,2,1,one_to_many_split,"Yes, after aggregation",Aggregate all 2011 child numerators and denominators to 2001 parent,Preliminary; validate against Census Administrative Atlas,https://github.com/yashveeeeeeer/india-geodata/tree/main/data/census/historical
Rajasthan,Ajmer,Rajasthan,Ajmer,1,1,one_to_one_same_name,Yes,Direct link; harmonize name where necessary,Preliminary; validate against Census Administrative Atlas,https://github.com/yashveeeeeeer/india-geodata/tree/main/data/census/historical
Rajasthan,Alwar,Rajasthan,Alwar,1,1,one_to_one_same_name,Yes,Direct link; harmonize name where necessary,Preliminary; validate against Census Administrative Atlas,https://github.com/yashveeeeeeer/india-geodata/tree/main/data/census/historical
Rajasthan,Banswara,Rajasthan,Banswara,1,1,one_to_one_same_name,Yes,Direct link; harmonize name where necessary,Preliminary; validate against Census Administrative Atlas,https://github.com/yashveeeeeeer/india-geodata/tree/main/data/census/historical
Rajasthan,Baran,Rajasthan,Baran,1,1,one_to_one_same_name,Yes,Direct link; harmonize name where necessary,Preliminary; validate against Census Administrative Atlas,https://github.com/yashveeeeeeer/india-geodata/tree/main/data/census/historical
Rajasthan,Barmer,Rajasthan,Barmer,1,1,one_to_one_same_name,Yes,Direct link; harmonize name where necessary,Preliminary; validate against Census Administrative Atlas,https://github.com/yashveeeeeeer/india-geodata/tree/main/data/census/historical
Rajasthan,Bharatpur,Rajasthan,Bharatpur,1,1,one_to_one_same_name,Yes,Direct link; harmonize name where necessary,Preliminary; validate against Census Administrative Atlas,https://github.com/yashveeeeeeer/india-geodata/tree/main/data/census/historical
Rajasthan,Bhilwara,Rajasthan,Bhilwara,1,1,one_to_one_same_name,Yes,Direct link; harmonize name where necessary,Preliminary; validate against Census Administrative Atlas,https://github.com/yashveeeeeeer/india-geodata/tree/main/data/census/historical
Rajasthan,Bikaner,Rajasthan,Bikaner,1,1,one_to_one_same_name,Yes,Direct link; harmonize name where necessary,Preliminary; validate against Census Administrative Atlas,https://github.com/yashveeeeeeer/india-geodata/tree/main/data/census/historical
Rajasthan,Bundi,Rajasthan,Bundi,1,1,one_to_one_same_name,Yes,Direct link; harmonize name where necessary,Preliminary; validate against Census Administrative Atlas,https://github.com/yashveeeeeeer/india-geodata/tree/main/data/census/historical
Rajasthan,Chittaurgarh,Rajasthan,Chittaurgarh,2,1,one_to_many_split,"Yes, after aggregation",Aggregate all 2011 child numerators and denominators to 2001 parent,Preliminary; validate against Census Administrative Atlas,https://github.com/yashveeeeeeer/india-geodata/tree/main/data/census/historical
Rajasthan,Chittaurgarh,Rajasthan,Pratapgarh,2,1,one_to_many_split,"Yes, after aggregation",Aggregate all 2011 child numerators and denominators to 2001 parent,Preliminary; validate against Census Administrative Atlas,https://github.com/yashveeeeeeer/india-geodata/tree/main/data/census/historical
Rajasthan,Churu,Rajasthan,Churu,1,1,one_to_one_same_name,Yes,Direct link; harmonize name where necessary,Preliminary; validate against Census Administrative Atlas,https://github.com/yashveeeeeeer/india-geodata/tree/main/data/census/historical
Rajasthan,Dausa,Rajasthan,Dausa,1,1,one_to_one_same_name,Yes,Direct link; harmonize name where necessary,Preliminary; validate against Census Administrative Atlas,https://github.com/yashveeeeeeer/india-geodata/tree/main/data/census/historical
Rajasthan,Dhaulpur,Rajasthan,Dhaulpur,1,1,one_to_one_same_name,Yes,Direct link; harmonize name where necessary,Preliminary; validate against Census Administrative Atlas,https://github.com/yashveeeeeeer/india-geodata/tree/main/data/census/historical
Rajasthan,Dungarpur,Rajasthan,Dungarpur,1,1,one_to_one_same_name,Yes,Direct link; harmonize name where necessary,Preliminary; validate against Census Administrative Atlas,https://github.com/yashveeeeeeer/india-geodata/tree/main/data/census/historical
Rajasthan,Ganganagar,Rajasthan,Ganganagar,1,1,one_to_one_same_name,Yes,Direct link; harmonize name where necessary,Preliminary; validate against Census Administrative Atlas,https://github.com/yashveeeeeeer/india-geodata/tree/main/data/census/historical
Rajasthan,Hanumangarh,Rajasthan,Hanumangarh,1,1,one_to_one_same_name,Yes,Direct link; harmonize name where necessary,Preliminary; validate against Census Administrative Atlas,https://github.com/yashveeeeeeer/india-geodata/tree/main/data/census/historical
Rajasthan,Jaipur,Rajasthan,Jaipur,1,1,one_to_one_same_name,Yes,Direct link; harmonize name where necessary,Preliminary; validate against Census Administrative Atlas,https://github.com/yashveeeeeeer/india-geodata/tree/main/data/census/historical
Rajasthan,Jaisalmer,Rajasthan,Jaisalmer,1,1,one_to_one_same_name,Yes,Direct link; harmonize name where necessary,Preliminary; validate against Census Administrative Atlas,https://github.com/yashveeeeeeer/india-geodata/tree/main/data/census/historical
Rajasthan,Jalor,Rajasthan,Jalor,1,1,one_to_one_same_name,Yes,Direct link; harmonize name where necessary,Preliminary; validate against Census Administrative Atlas,https://github.com/yashveeeeeeer/india-geodata/tree/main/data/census/historical
Rajasthan,Jhalawar,Rajasthan,Jhalawar,1,1,one_to_one_same_name,Yes,Direct link; harmonize name where necessary,Preliminary; validate against Census Administrative Atlas,https://github.com/yashveeeeeeer/india-geodata/tree/main/data/census/historical
Rajasthan,Jhunjhunun,Rajasthan,Jhunjhunun,1,1,one_to_one_same_name,Yes,Direct link; harmonize name where necessary,Preliminary; validate against Census Administrative Atlas,https://github.com/yashveeeeeeer/india-geodata/tree/main/data/census/historical
Rajasthan,Jodhpur,Rajasthan,Jodhpur,1,1,one_to_one_same_name,Yes,Direct link; harmonize name where necessary,Preliminary; validate against Census Administrative Atlas,https://github.com/yashveeeeeeer/india-geodata/tree/main/data/census/historical
Rajasthan,Karauli,Rajasthan,Karauli,1,1,one_to_one_same_name,Yes,Direct link; harmonize name where necessary,Preliminary; validate against Census Administrative Atlas,https://github.com/yashveeeeeeer/india-geodata/tree/main/data/census/historical
Rajasthan,Kota,Rajasthan,Kota,1,1,one_to_one_same_name,Yes,Direct link; harmonize name where necessary,Preliminary; validate against Census Administrative Atlas,https://github.com/yashveeeeeeer/india-geodata/tree/main/data/census/historical
Rajasthan,Nagaur,Rajasthan,Nagaur,1,1,one_to_one_same_name,Yes,Direct link; harmonize name where necessary,Preliminary; validate against Census Administrative Atlas,https://github.com/yashveeeeeeer/india-geodata/tree/main/data/census/historical
Rajasthan,Pali,Rajasthan,Pali,1,1,one_to_one_same_name,Yes,Direct link; harmonize name where necessary,Preliminary; validate against Census Administrative Atlas,https://github.com/yashveeeeeeer/india-geodata/tree/main/data/census/historical
Rajasthan,Rajsamand,Rajasthan,Rajsamand,1,1,one_to_one_same_name,Yes,Direct link; harmonize name where necessary,Preliminary; validate against Census Administrative Atlas,https://github.com/yashveeeeeeer/india-geodata/tree/main/data/census/historical
Rajasthan,Sawai Madhopur,Rajasthan,Sawai Madhopur,1,1,one_to_one_same_name,Yes,Direct link; harmonize name where necessary,Preliminary; validate against Census Administrative Atlas,https://github.com/yashveeeeeeer/india-geodata/tree/main/data/census/historical
Rajasthan,Sikar,Rajasthan,Sikar,1,1,one_to_one_same_name,Yes,Direct link; harmonize name where necessary,Preliminary; validate against Census Administrative Atlas,https://github.com/yashveeeeeeer/india-geodata/tree/main/data/census/historical
Rajasthan,Sirohi,Rajasthan,Sirohi,1,1,one_to_one_same_name,Yes,Direct link; harmonize name where necessary,Preliminary; validate against Census Administrative Atlas,https://github.com/yashveeeeeeer/india-geodata/tree/main/data/census/historical
Rajasthan,Tonk,Rajasthan,Tonk,1,1,one_to_one_same_name,Yes,Direct link; harmonize name where necessary,Preliminary; validate against Census Administrative Atlas,https://github.com/yashveeeeeeer/india-geodata/tree/main/data/census/historical
Rajasthan,Udaipur,Rajasthan,Udaipur,1,1,one_to_one_same_name,Yes,Direct link; harmonize name where necessary,Preliminary; validate against Census Administrative Atlas,https://github.com/yashveeeeeeer/india-geodata/tree/main/data/census/historical
Sikkim,East,Sikkim,East,1,1,one_to_one_same_name,Yes,Direct link; harmonize name where necessary,Preliminary; validate against Census Administrative Atlas,https://github.com/yashveeeeeeer/india-geodata/tree/main/data/census/historical
Sikkim,North,Sikkim,North,1,1,one_to_one_same_name,Yes,Direct link; harmonize name where necessary,Preliminary; validate against Census Administrative Atlas,https://github.com/yashveeeeeeer/india-geodata/tree/main/data/census/historical
Sikkim,South,Sikkim,South,1,1,one_to_one_same_name,Yes,Direct link; harmonize name where necessary,Preliminary; validate against Census Administrative Atlas,https://github.com/yashveeeeeeer/india-geodata/tree/main/data/census/historical
Sikkim,West,Sikkim,West,1,1,one_to_one_same_name,Yes,Direct link; harmonize name where necessary,Preliminary; validate against Census Administrative Atlas,https://github.com/yashveeeeeeer/india-geodata/tree/main/data/census/historical
Tamil Nadu,Chennai,Tamil Nadu,Chennai,1,1,one_to_one_same_name,Yes,Direct link; harmonize name where necessary,Preliminary; validate against Census Administrative Atlas,https://github.com/yashveeeeeeer/india-geodata/tree/main/data/census/historical
Tamil Nadu,Coimbatore,Tamil Nadu,Coimbatore,2,1,one_to_many_split,"Yes, after aggregation",Aggregate all 2011 child numerators and denominators to 2001 parent,Preliminary; validate against Census Administrative Atlas,https://github.com/yashveeeeeeer/india-geodata/tree/main/data/census/historical
Tamil Nadu,Coimbatore,Tamil Nadu,Tiruppur,2,2,many_to_many_reorganization,Not yet,Manual Census concordance or 2001/2011 district polygon overlay,Preliminary; validate against Census Administrative Atlas,https://github.com/yashveeeeeeer/india-geodata/tree/main/data/census/historical
Tamil Nadu,Cuddalore,Tamil Nadu,Cuddalore,1,1,one_to_one_same_name,Yes,Direct link; harmonize name where necessary,Preliminary; validate against Census Administrative Atlas,https://github.com/yashveeeeeeer/india-geodata/tree/main/data/census/historical
Tamil Nadu,Dharmapuri,Tamil Nadu,Dharmapuri,2,1,one_to_many_split,"Yes, after aggregation",Aggregate all 2011 child numerators and denominators to 2001 parent,Preliminary; validate against Census Administrative Atlas,https://github.com/yashveeeeeeer/india-geodata/tree/main/data/census/historical
Tamil Nadu,Dharmapuri,Tamil Nadu,Krishnagiri,2,1,one_to_many_split,"Yes, after aggregation",Aggregate all 2011 child numerators and denominators to 2001 parent,Preliminary; validate against Census Administrative Atlas,https://github.com/yashveeeeeeer/india-geodata/tree/main/data/census/historical
Tamil Nadu,Dindigul,Tamil Nadu,Dindigul,1,1,one_to_one_same_name,Yes,Direct link; harmonize name where necessary,Preliminary; validate against Census Administrative Atlas,https://github.com/yashveeeeeeer/india-geodata/tree/main/data/census/historical
Tamil Nadu,Erode,Tamil Nadu,Erode,2,1,one_to_many_split,"Yes, after aggregation",Aggregate all 2011 child numerators and denominators to 2001 parent,Preliminary; validate against Census Administrative Atlas,https://github.com/yashveeeeeeer/india-geodata/tree/main/data/census/historical
Tamil Nadu,Erode,Tamil Nadu,Tiruppur,2,2,many_to_many_reorganization,Not yet,Manual Census concordance or 2001/2011 district polygon overlay,Preliminary; validate against Census Administrative Atlas,https://github.com/yashveeeeeeer/india-geodata/tree/main/data/census/historical
Tamil Nadu,Kancheepuram,Tamil Nadu,Kancheepuram,1,1,one_to_one_same_name,Yes,Direct link; harmonize name where necessary,Preliminary; validate against Census Administrative Atlas,https://github.com/yashveeeeeeer/india-geodata/tree/main/data/census/historical
Tamil Nadu,Kanniyakumari,Tamil Nadu,Kanniyakumari,1,1,one_to_one_same_name,Yes,Direct link; harmonize name where necessary,Preliminary; validate against Census Administrative Atlas,https://github.com/yashveeeeeeer/india-geodata/tree/main/data/census/historical
Tamil Nadu,Karur,Tamil Nadu,Karur,1,1,one_to_one_same_name,Yes,Direct link; harmonize name where necessary,Preliminary; validate against Census Administrative Atlas,https://github.com/yashveeeeeeer/india-geodata/tree/main/data/census/historical
Tamil Nadu,Madurai,Tamil Nadu,Madurai,1,1,one_to_one_same_name,Yes,Direct link; harmonize name where necessary,Preliminary; validate against Census Administrative Atlas,https://github.com/yashveeeeeeer/india-geodata/tree/main/data/census/historical
Tamil Nadu,Nagapattinam,Tamil Nadu,Nagapattinam,1,1,one_to_one_same_name,Yes,Direct link; harmonize name where necessary,Preliminary; validate against Census Administrative Atlas,https://github.com/yashveeeeeeer/india-geodata/tree/main/data/census/historical
Tamil Nadu,Namakkal,Tamil Nadu,Namakkal,1,1,one_to_one_same_name,Yes,Direct link; harmonize name where necessary,Preliminary; validate against Census Administrative Atlas,https://github.com/yashveeeeeeer/india-geodata/tree/main/data/census/historical
Tamil Nadu,Perambalur,Tamil Nadu,Ariyalur,2,1,one_to_many_split,"Yes, after aggregation",Aggregate all 2011 child numerators and denominators to 2001 parent,Preliminary; validate against Census Administrative Atlas,https://github.com/yashveeeeeeer/india-geodata/tree/main/data/census/historical
Tamil Nadu,Perambalur,Tamil Nadu,Perambalur,2,1,one_to_many_split,"Yes, after aggregation",Aggregate all 2011 child numerators and denominators to 2001 parent,Preliminary; validate against Census Administrative Atlas,https://github.com/yashveeeeeeer/india-geodata/tree/main/data/census/historical
Tamil Nadu,Pudukkottai,Tamil Nadu,Pudukkottai,1,1,one_to_one_same_name,Yes,Direct link; harmonize name where necessary,Preliminary; validate against Census Administrative Atlas,https://github.com/yashveeeeeeer/india-geodata/tree/main/data/census/historical
Tamil Nadu,Ramanathapuram,Tamil Nadu,Ramanathapuram,1,1,one_to_one_same_name,Yes,Direct link; harmonize name where necessary,Preliminary; validate against Census Administrative Atlas,https://github.com/yashveeeeeeer/india-geodata/tree/main/data/census/historical
Tamil Nadu,Salem,Tamil Nadu,Salem,1,1,one_to_one_same_name,Yes,Direct link; harmonize name where necessary,Preliminary; validate against Census Administrative Atlas,https://github.com/yashveeeeeeer/india-geodata/tree/main/data/census/historical
Tamil Nadu,Sivaganga,Tamil Nadu,Sivaganga,1,1,one_to_one_same_name,Yes,Direct link; harmonize name where necessary,Preliminary; validate against Census Administrative Atlas,https://github.com/yashveeeeeeer/india-geodata/tree/main/data/census/historical
Tamil Nadu,Thanjavur,Tamil Nadu,Thanjavur,1,1,one_to_one_same_name,Yes,Direct link; harmonize name where necessary,Preliminary; validate against Census Administrative Atlas,https://github.com/yashveeeeeeer/india-geodata/tree/main/data/census/historical
Tamil Nadu,The Nilgiris,Tamil Nadu,The Nilgiris,1,1,one_to_one_same_name,Yes,Direct link; harmonize name where necessary,Preliminary; validate against Census Administrative Atlas,https://github.com/yashveeeeeeer/india-geodata/tree/main/data/census/historical
Tamil Nadu,Theni,Tamil Nadu,Theni,1,1,one_to_one_same_name,Yes,Direct link; harmonize name where necessary,Preliminary; validate against Census Administrative Atlas,https://github.com/yashveeeeeeer/india-geodata/tree/main/data/census/historical
Tamil Nadu,Thiruvallur,Tamil Nadu,Thiruvallur,1,1,one_to_one_same_name,Yes,Direct link; harmonize name where necessary,Preliminary; validate against Census Administrative Atlas,https://github.com/yashveeeeeeer/india-geodata/tree/main/data/census/historical
Tamil Nadu,Thiruvarur,Tamil Nadu,Thiruvarur,1,1,one_to_one_same_name,Yes,Direct link; harmonize name where necessary,Preliminary; validate against Census Administrative Atlas,https://github.com/yashveeeeeeer/india-geodata/tree/main/data/census/historical
Tamil Nadu,Tiruchchirappalli,Tamil Nadu,Tiruchirappalli,1,1,one_to_one_renamed,Yes,Direct link; harmonize name where necessary,Preliminary; validate against Census Administrative Atlas,https://github.com/yashveeeeeeer/india-geodata/tree/main/data/census/historical
Tamil Nadu,Tirunelveli,Tamil Nadu,Tirunelveli,1,1,one_to_one_same_name,Yes,Direct link; harmonize name where necessary,Preliminary; validate against Census Administrative Atlas,https://github.com/yashveeeeeeer/india-geodata/tree/main/data/census/historical
Tamil Nadu,Tiruvanamalai,Tamil Nadu,Tiruvannamalai,1,1,one_to_one_renamed,Yes,Direct link; harmonize name where necessary,Preliminary; validate against Census Administrative Atlas,https://github.com/yashveeeeeeer/india-geodata/tree/main/data/census/historical
Tamil Nadu,Toothukudi,Tamil Nadu,Thoothukkudi,1,1,one_to_one_renamed,Yes,Direct link; harmonize name where necessary,Preliminary; validate against Census Administrative Atlas,https://github.com/yashveeeeeeer/india-geodata/tree/main/data/census/historical
Tamil Nadu,Vellore,Tamil Nadu,Vellore,1,1,one_to_one_same_name,Yes,Direct link; harmonize name where necessary,Preliminary; validate against Census Administrative Atlas,https://github.com/yashveeeeeeer/india-geodata/tree/main/data/census/historical
Tamil Nadu,Viluppuram,Tamil Nadu,Viluppuram,1,1,one_to_one_same_name,Yes,Direct link; harmonize name where necessary,Preliminary; validate against Census Administrative Atlas,https://github.com/yashveeeeeeer/india-geodata/tree/main/data/census/historical
Tamil Nadu,Virudhunagar,Tamil Nadu,Virudhunagar,1,1,one_to_one_same_name,Yes,Direct link; harmonize name where necessary,Preliminary; validate against Census Administrative Atlas,https://github.com/yashveeeeeeer/india-geodata/tree/main/data/census/historical
Tripura,Dhalai,Tripura,Dhalai,1,1,one_to_one_same_name,Yes,Direct link; harmonize name where necessary,Preliminary; validate against Census Administrative Atlas,https://github.com/yashveeeeeeer/india-geodata/tree/main/data/census/historical
Tripura,North Tripura,Tripura,North Tripura,1,1,one_to_one_same_name,Yes,Direct link; harmonize name where necessary,Preliminary; validate against Census Administrative Atlas,https://github.com/yashveeeeeeer/india-geodata/tree/main/data/census/historical
Tripura,South Tripura,Tripura,South Tripura,1,1,one_to_one_same_name,Yes,Direct link; harmonize name where necessary,Preliminary; validate against Census Administrative Atlas,https://github.com/yashveeeeeeer/india-geodata/tree/main/data/census/historical
Tripura,West Tripura,Tripura,West Tripura,1,1,one_to_one_same_name,Yes,Direct link; harmonize name where necessary,Preliminary; validate against Census Administrative Atlas,https://github.com/yashveeeeeeer/india-geodata/tree/main/data/census/historical
Uttar Pradesh,Agra,Uttar Pradesh,Agra,1,1,one_to_one_same_name,Yes,Direct link; harmonize name where necessary,Preliminary; validate against Census Administrative Atlas,https://github.com/yashveeeeeeer/india-geodata/tree/main/data/census/historical
Uttar Pradesh,Aligarh,Uttar Pradesh,Aligarh,1,1,one_to_one_same_name,Yes,Direct link; harmonize name where necessary,Preliminary; validate against Census Administrative Atlas,https://github.com/yashveeeeeeer/india-geodata/tree/main/data/census/historical
Uttar Pradesh,Allahabad,Uttar Pradesh,Allahabad,1,1,one_to_one_same_name,Yes,Direct link; harmonize name where necessary,Preliminary; validate against Census Administrative Atlas,https://github.com/yashveeeeeeer/india-geodata/tree/main/data/census/historical
Uttar Pradesh,Ambedkar Nagar,Uttar Pradesh,Ambedkar Nagar,1,1,one_to_one_same_name,Yes,Direct link; harmonize name where necessary,Preliminary; validate against Census Administrative Atlas,https://github.com/yashveeeeeeer/india-geodata/tree/main/data/census/historical
Uttar Pradesh,Auraiya,Uttar Pradesh,Auraiya,1,1,one_to_one_same_name,Yes,Direct link; harmonize name where necessary,Preliminary; validate against Census Administrative Atlas,https://github.com/yashveeeeeeer/india-geodata/tree/main/data/census/historical
Uttar Pradesh,Azamgarh,Uttar Pradesh,Azamgarh,1,1,one_to_one_same_name,Yes,Direct link; harmonize name where necessary,Preliminary; validate against Census Administrative Atlas,https://github.com/yashveeeeeeer/india-geodata/tree/main/data/census/historical
Uttar Pradesh,Baghpat,Uttar Pradesh,Baghpat,1,1,one_to_one_same_name,Yes,Direct link; harmonize name where necessary,Preliminary; validate against Census Administrative Atlas,https://github.com/yashveeeeeeer/india-geodata/tree/main/data/census/historical
Uttar Pradesh,Bahraich,Uttar Pradesh,Bahraich,1,1,one_to_one_same_name,Yes,Direct link; harmonize name where necessary,Preliminary; validate against Census Administrative Atlas,https://github.com/yashveeeeeeer/india-geodata/tree/main/data/census/historical
Uttar Pradesh,Ballia,Uttar Pradesh,Ballia,1,1,one_to_one_same_name,Yes,Direct link; harmonize name where necessary,Preliminary; validate against Census Administrative Atlas,https://github.com/yashveeeeeeer/india-geodata/tree/main/data/census/historical
Uttar Pradesh,Balrampur,Uttar Pradesh,Balrampur,1,1,one_to_one_same_name,Yes,Direct link; harmonize name where necessary,Preliminary; validate against Census Administrative Atlas,https://github.com/yashveeeeeeer/india-geodata/tree/main/data/census/historical
Uttar Pradesh,Banda,Uttar Pradesh,Banda,1,1,one_to_one_same_name,Yes,Direct link; harmonize name where necessary,Preliminary; validate against Census Administrative Atlas,https://github.com/yashveeeeeeer/india-geodata/tree/main/data/census/historical
Uttar Pradesh,Barabanki,Uttar Pradesh,Bara Banki,1,1,one_to_one_same_name,Yes,Direct link; harmonize name where necessary,Preliminary; validate against Census Administrative Atlas,https://github.com/yashveeeeeeer/india-geodata/tree/main/data/census/historical
Uttar Pradesh,Bareilly,Uttar Pradesh,Bareilly,1,1,one_to_one_same_name,Yes,Direct link; harmonize name where necessary,Preliminary; validate against Census Administrative Atlas,https://github.com/yashveeeeeeer/india-geodata/tree/main/data/census/historical
Uttar Pradesh,Basti,Uttar Pradesh,Basti,1,1,one_to_one_same_name,Yes,Direct link; harmonize name where necessary,Preliminary; validate against Census Administrative Atlas,https://github.com/yashveeeeeeer/india-geodata/tree/main/data/census/historical
Uttar Pradesh,Bijnor,Uttar Pradesh,Bijnor,1,1,one_to_one_same_name,Yes,Direct link; harmonize name where necessary,Preliminary; validate against Census Administrative Atlas,https://github.com/yashveeeeeeer/india-geodata/tree/main/data/census/historical
Uttar Pradesh,Budaun,Uttar Pradesh,Budaun,1,1,one_to_one_same_name,Yes,Direct link; harmonize name where necessary,Preliminary; validate against Census Administrative Atlas,https://github.com/yashveeeeeeer/india-geodata/tree/main/data/census/historical
Uttar Pradesh,Bulandshahr,Uttar Pradesh,Bulandshahr,1,1,one_to_one_same_name,Yes,Direct link; harmonize name where necessary,Preliminary; validate against Census Administrative Atlas,https://github.com/yashveeeeeeer/india-geodata/tree/main/data/census/historical
Uttar Pradesh,Chandauli,Uttar Pradesh,Chandauli,1,1,one_to_one_same_name,Yes,Direct link; harmonize name where necessary,Preliminary; validate against Census Administrative Atlas,https://github.com/yashveeeeeeer/india-geodata/tree/main/data/census/historical
Uttar Pradesh,Chitrakoot,Uttar Pradesh,Chitrakoot,1,1,one_to_one_same_name,Yes,Direct link; harmonize name where necessary,Preliminary; validate against Census Administrative Atlas,https://github.com/yashveeeeeeer/india-geodata/tree/main/data/census/historical
Uttar Pradesh,Deoria,Uttar Pradesh,Deoria,1,1,one_to_one_same_name,Yes,Direct link; harmonize name where necessary,Preliminary; validate against Census Administrative Atlas,https://github.com/yashveeeeeeer/india-geodata/tree/main/data/census/historical
Uttar Pradesh,Etah,Uttar Pradesh,Etah,2,1,one_to_many_split,"Yes, after aggregation",Aggregate all 2011 child numerators and denominators to 2001 parent,Preliminary; validate against Census Administrative Atlas,https://github.com/yashveeeeeeer/india-geodata/tree/main/data/census/historical
Uttar Pradesh,Etah,Uttar Pradesh,Kanshiram Nagar,2,1,one_to_many_split,"Yes, after aggregation",Aggregate all 2011 child numerators and denominators to 2001 parent,Preliminary; validate against Census Administrative Atlas,https://github.com/yashveeeeeeer/india-geodata/tree/main/data/census/historical
Uttar Pradesh,Etawah',Uttar Pradesh,Etawah,1,1,one_to_one_same_name,Yes,Direct link; harmonize name where necessary,Preliminary; validate against Census Administrative Atlas,https://github.com/yashveeeeeeer/india-geodata/tree/main/data/census/historical
Uttar Pradesh,Faizabad,Uttar Pradesh,Faizabad,1,1,one_to_one_same_name,Yes,Direct link; harmonize name where necessary,Preliminary; validate against Census Administrative Atlas,https://github.com/yashveeeeeeer/india-geodata/tree/main/data/census/historical
Uttar Pradesh,Farrukhabad,Uttar Pradesh,Farrukhabad,1,1,one_to_one_same_name,Yes,Direct link; harmonize name where necessary,Preliminary; validate against Census Administrative Atlas,https://github.com/yashveeeeeeer/india-geodata/tree/main/data/census/historical
Uttar Pradesh,Fatehpur,Uttar Pradesh,Fatehpur,1,1,one_to_one_same_name,Yes,Direct link; harmonize name where necessary,Preliminary; validate against Census Administrative Atlas,https://github.com/yashveeeeeeer/india-geodata/tree/main/data/census/historical
Uttar Pradesh,Firozabad,Uttar Pradesh,Firozabad,1,1,one_to_one_same_name,Yes,Direct link; harmonize name where necessary,Preliminary; validate against Census Administrative Atlas,https://github.com/yashveeeeeeer/india-geodata/tree/main/data/census/historical
Uttar Pradesh,Gautam Buddha Nagar,Uttar Pradesh,Gautam Buddha Nagar,1,1,one_to_one_same_name,Yes,Direct link; harmonize name where necessary,Preliminary; validate against Census Administrative Atlas,https://github.com/yashveeeeeeer/india-geodata/tree/main/data/census/historical
Uttar Pradesh,Ghaziabad,Uttar Pradesh,Ghaziabad,1,1,one_to_one_same_name,Yes,Direct link; harmonize name where necessary,Preliminary; validate against Census Administrative Atlas,https://github.com/yashveeeeeeer/india-geodata/tree/main/data/census/historical
Uttar Pradesh,Ghazipur,Uttar Pradesh,Ghazipur,1,1,one_to_one_same_name,Yes,Direct link; harmonize name where necessary,Preliminary; validate against Census Administrative Atlas,https://github.com/yashveeeeeeer/india-geodata/tree/main/data/census/historical
Uttar Pradesh,Gonda,Uttar Pradesh,Gonda,1,1,one_to_one_same_name,Yes,Direct link; harmonize name where necessary,Preliminary; validate against Census Administrative Atlas,https://github.com/yashveeeeeeer/india-geodata/tree/main/data/census/historical
Uttar Pradesh,Gorakhpur,Uttar Pradesh,Gorakhpur,1,1,one_to_one_same_name,Yes,Direct link; harmonize name where necessary,Preliminary; validate against Census Administrative Atlas,https://github.com/yashveeeeeeer/india-geodata/tree/main/data/census/historical
Uttar Pradesh,Hamirpur,Uttar Pradesh,Hamirpur,1,1,one_to_one_same_name,Yes,Direct link; harmonize name where necessary,Preliminary; validate against Census Administrative Atlas,https://github.com/yashveeeeeeer/india-geodata/tree/main/data/census/historical
Uttar Pradesh,Hardoi,Uttar Pradesh,Hardoi,1,1,one_to_one_same_name,Yes,Direct link; harmonize name where necessary,Preliminary; validate against Census Administrative Atlas,https://github.com/yashveeeeeeer/india-geodata/tree/main/data/census/historical
Uttar Pradesh,Hathras,Uttar Pradesh,Mahamaya Nagar,1,1,one_to_one_renamed,Yes,Direct link; harmonize name where necessary,Preliminary; validate against Census Administrative Atlas,https://github.com/yashveeeeeeer/india-geodata/tree/main/data/census/historical
Uttar Pradesh,Jalaun,Uttar Pradesh,Jalaun,1,1,one_to_one_same_name,Yes,Direct link; harmonize name where necessary,Preliminary; validate against Census Administrative Atlas,https://github.com/yashveeeeeeer/india-geodata/tree/main/data/census/historical
Uttar Pradesh,Jaunpur,Uttar Pradesh,Jaunpur,1,1,one_to_one_same_name,Yes,Direct link; harmonize name where necessary,Preliminary; validate against Census Administrative Atlas,https://github.com/yashveeeeeeer/india-geodata/tree/main/data/census/historical
Uttar Pradesh,Jhansi,Uttar Pradesh,Jhansi,1,1,one_to_one_same_name,Yes,Direct link; harmonize name where necessary,Preliminary; validate against Census Administrative Atlas,https://github.com/yashveeeeeeer/india-geodata/tree/main/data/census/historical
Uttar Pradesh,Jyotiba Phule Nagar,Uttar Pradesh,Jyotiba Phule Nagar,1,1,one_to_one_same_name,Yes,Direct link; harmonize name where necessary,Preliminary; validate against Census Administrative Atlas,https://github.com/yashveeeeeeer/india-geodata/tree/main/data/census/historical
Uttar Pradesh,Kannauj,Uttar Pradesh,Kannauj,1,1,one_to_one_same_name,Yes,Direct link; harmonize name where necessary,Preliminary; validate against Census Administrative Atlas,https://github.com/yashveeeeeeer/india-geodata/tree/main/data/census/historical
Uttar Pradesh,Kanpur Dehat,Uttar Pradesh,Kanpur Dehat,1,1,one_to_one_same_name,Yes,Direct link; harmonize name where necessary,Preliminary; validate against Census Administrative Atlas,https://github.com/yashveeeeeeer/india-geodata/tree/main/data/census/historical
Uttar Pradesh,Kanpur Nagar,Uttar Pradesh,Kanpur Nagar,1,1,one_to_one_same_name,Yes,Direct link; harmonize name where necessary,Preliminary; validate against Census Administrative Atlas,https://github.com/yashveeeeeeer/india-geodata/tree/main/data/census/historical
Uttar Pradesh,Kaushambi,Uttar Pradesh,Kaushambi,1,1,one_to_one_same_name,Yes,Direct link; harmonize name where necessary,Preliminary; validate against Census Administrative Atlas,https://github.com/yashveeeeeeer/india-geodata/tree/main/data/census/historical
Uttar Pradesh,Kheri,Uttar Pradesh,Kheri,1,1,one_to_one_same_name,Yes,Direct link; harmonize name where necessary,Preliminary; validate against Census Administrative Atlas,https://github.com/yashveeeeeeer/india-geodata/tree/main/data/census/historical
Uttar Pradesh,Kushinagar,Uttar Pradesh,Kushinagar,1,1,one_to_one_same_name,Yes,Direct link; harmonize name where necessary,Preliminary; validate against Census Administrative Atlas,https://github.com/yashveeeeeeer/india-geodata/tree/main/data/census/historical
Uttar Pradesh,Lalitpur,Uttar Pradesh,Lalitpur,1,1,one_to_one_same_name,Yes,Direct link; harmonize name where necessary,Preliminary; validate against Census Administrative Atlas,https://github.com/yashveeeeeeer/india-geodata/tree/main/data/census/historical
Uttar Pradesh,Lucknow,Uttar Pradesh,Lucknow,1,1,one_to_one_same_name,Yes,Direct link; harmonize name where necessary,Preliminary; validate against Census Administrative Atlas,https://github.com/yashveeeeeeer/india-geodata/tree/main/data/census/historical
Uttar Pradesh,Maharajganj,Uttar Pradesh,Mahrajganj,1,1,one_to_one_renamed,Yes,Direct link; harmonize name where necessary,Preliminary; validate against Census Administrative Atlas,https://github.com/yashveeeeeeer/india-geodata/tree/main/data/census/historical
Uttar Pradesh,Mahoba,Uttar Pradesh,Mahoba,1,1,one_to_one_same_name,Yes,Direct link; harmonize name where necessary,Preliminary; validate against Census Administrative Atlas,https://github.com/yashveeeeeeer/india-geodata/tree/main/data/census/historical
Uttar Pradesh,Mainpuri,Uttar Pradesh,Mainpuri,1,1,one_to_one_same_name,Yes,Direct link; harmonize name where necessary,Preliminary; validate against Census Administrative Atlas,https://github.com/yashveeeeeeer/india-geodata/tree/main/data/census/historical
Uttar Pradesh,Mathura,Uttar Pradesh,Mathura,1,1,one_to_one_same_name,Yes,Direct link; harmonize name where necessary,Preliminary; validate against Census Administrative Atlas,https://github.com/yashveeeeeeer/india-geodata/tree/main/data/census/historical
Uttar Pradesh,Mau,Uttar Pradesh,Mau,1,1,one_to_one_same_name,Yes,Direct link; harmonize name where necessary,Preliminary; validate against Census Administrative Atlas,https://github.com/yashveeeeeeer/india-geodata/tree/main/data/census/historical
Uttar Pradesh,Meerut,Uttar Pradesh,Meerut,1,1,one_to_one_same_name,Yes,Direct link; harmonize name where necessary,Preliminary; validate against Census Administrative Atlas,https://github.com/yashveeeeeeer/india-geodata/tree/main/data/census/historical
Uttar Pradesh,Mirzapur,Uttar Pradesh,Mirzapur,1,1,one_to_one_same_name,Yes,Direct link; harmonize name where necessary,Preliminary; validate against Census Administrative Atlas,https://github.com/yashveeeeeeer/india-geodata/tree/main/data/census/historical
Uttar Pradesh,Moradabad,Uttar Pradesh,Moradabad,1,1,one_to_one_same_name,Yes,Direct link; harmonize name where necessary,Preliminary; validate against Census Administrative Atlas,https://github.com/yashveeeeeeer/india-geodata/tree/main/data/census/historical
Uttar Pradesh,Muzaffarnagar,Uttar Pradesh,Muzaffarnagar,1,1,one_to_one_same_name,Yes,Direct link; harmonize name where necessary,Preliminary; validate against Census Administrative Atlas,https://github.com/yashveeeeeeer/india-geodata/tree/main/data/census/historical
Uttar Pradesh,Pilibhit,Uttar Pradesh,Pilibhit,1,1,one_to_one_same_name,Yes,Direct link; harmonize name where necessary,Preliminary; validate against Census Administrative Atlas,https://github.com/yashveeeeeeer/india-geodata/tree/main/data/census/historical
Uttar Pradesh,Pratapgarh,Uttar Pradesh,Pratapgarh,1,1,one_to_one_same_name,Yes,Direct link; harmonize name where necessary,Preliminary; validate against Census Administrative Atlas,https://github.com/yashveeeeeeer/india-geodata/tree/main/data/census/historical
Uttar Pradesh,Rae Bareli,Uttar Pradesh,Rae Bareli,1,1,one_to_one_same_name,Yes,Direct link; harmonize name where necessary,Preliminary; validate against Census Administrative Atlas,https://github.com/yashveeeeeeer/india-geodata/tree/main/data/census/historical
Uttar Pradesh,Rampur,Uttar Pradesh,Rampur,1,1,one_to_one_same_name,Yes,Direct link; harmonize name where necessary,Preliminary; validate against Census Administrative Atlas,https://github.com/yashveeeeeeer/india-geodata/tree/main/data/census/historical
Uttar Pradesh,Saharanpur,Uttar Pradesh,Saharanpur,1,1,one_to_one_same_name,Yes,Direct link; harmonize name where necessary,Preliminary; validate against Census Administrative Atlas,https://github.com/yashveeeeeeer/india-geodata/tree/main/data/census/historical
Uttar Pradesh,Sant Kabir Nagar,Uttar Pradesh,Sant Kabir Nagar,1,1,one_to_one_same_name,Yes,Direct link; harmonize name where necessary,Preliminary; validate against Census Administrative Atlas,https://github.com/yashveeeeeeer/india-geodata/tree/main/data/census/historical
Uttar Pradesh,Sant Ravidas Nagar,Uttar Pradesh,Sant Ravidas Nagar (Bhadohi),1,1,one_to_one_renamed,Yes,Direct link; harmonize name where necessary,Preliminary; validate against Census Administrative Atlas,https://github.com/yashveeeeeeer/india-geodata/tree/main/data/census/historical
Uttar Pradesh,Shahjahanpur,Uttar Pradesh,Shahjahanpur,1,1,one_to_one_same_name,Yes,Direct link; harmonize name where necessary,Preliminary; validate against Census Administrative Atlas,https://github.com/yashveeeeeeer/india-geodata/tree/main/data/census/historical
Uttar Pradesh,Shrawasti,Uttar Pradesh,Shrawasti,1,1,one_to_one_same_name,Yes,Direct link; harmonize name where necessary,Preliminary; validate against Census Administrative Atlas,https://github.com/yashveeeeeeer/india-geodata/tree/main/data/census/historical
Uttar Pradesh,Siddharthnagar,Uttar Pradesh,Siddharthnagar,1,1,one_to_one_same_name,Yes,Direct link; harmonize name where necessary,Preliminary; validate against Census Administrative Atlas,https://github.com/yashveeeeeeer/india-geodata/tree/main/data/census/historical
Uttar Pradesh,Sitapur,Uttar Pradesh,Sitapur,1,1,one_to_one_same_name,Yes,Direct link; harmonize name where necessary,Preliminary; validate against Census Administrative Atlas,https://github.com/yashveeeeeeer/india-geodata/tree/main/data/census/historical
Uttar Pradesh,Sonbhadra,Uttar Pradesh,Sonbhadra,1,1,one_to_one_same_name,Yes,Direct link; harmonize name where necessary,Preliminary; validate against Census Administrative Atlas,https://github.com/yashveeeeeeer/india-geodata/tree/main/data/census/historical
Uttar Pradesh,Sultanpur,Uttar Pradesh,Sultanpur,1,1,one_to_one_same_name,Yes,Direct link; harmonize name where necessary,Preliminary; validate against Census Administrative Atlas,https://github.com/yashveeeeeeer/india-geodata/tree/main/data/census/historical
Uttar Pradesh,Unnao,Uttar Pradesh,Unnao,1,1,one_to_one_same_name,Yes,Direct link; harmonize name where necessary,Preliminary; validate against Census Administrative Atlas,https://github.com/yashveeeeeeer/india-geodata/tree/main/data/census/historical
Uttar Pradesh,Varanasi,Uttar Pradesh,Varanasi,1,1,one_to_one_same_name,Yes,Direct link; harmonize name where necessary,Preliminary; validate against Census Administrative Atlas,https://github.com/yashveeeeeeer/india-geodata/tree/main/data/census/historical
Uttaranchal,Almora,Uttarakhand,Almora,1,1,one_to_one_same_name,Yes,Direct link; harmonize name where necessary,Preliminary; validate against Census Administrative Atlas,https://github.com/yashveeeeeeer/india-geodata/tree/main/data/census/historical
Uttaranchal,Bageshwar,Uttarakhand,Bageshwar,1,1,one_to_one_same_name,Yes,Direct link; harmonize name where necessary,Preliminary; validate against Census Administrative Atlas,https://github.com/yashveeeeeeer/india-geodata/tree/main/data/census/historical
Uttaranchal,Chamoli,Uttarakhand,Chamoli,1,1,one_to_one_same_name,Yes,Direct link; harmonize name where necessary,Preliminary; validate against Census Administrative Atlas,https://github.com/yashveeeeeeer/india-geodata/tree/main/data/census/historical
Uttaranchal,Champawat,Uttarakhand,Champawat,1,1,one_to_one_same_name,Yes,Direct link; harmonize name where necessary,Preliminary; validate against Census Administrative Atlas,https://github.com/yashveeeeeeer/india-geodata/tree/main/data/census/historical
Uttaranchal,Dehradun,Uttarakhand,Dehradun,1,1,one_to_one_same_name,Yes,Direct link; harmonize name where necessary,Preliminary; validate against Census Administrative Atlas,https://github.com/yashveeeeeeer/india-geodata/tree/main/data/census/historical
Uttaranchal,Garhwal,Uttarakhand,Garhwal,1,1,one_to_one_same_name,Yes,Direct link; harmonize name where necessary,Preliminary; validate against Census Administrative Atlas,https://github.com/yashveeeeeeer/india-geodata/tree/main/data/census/historical
Uttaranchal,Hardwar,Uttarakhand,Hardwar,1,1,one_to_one_same_name,Yes,Direct link; harmonize name where necessary,Preliminary; validate against Census Administrative Atlas,https://github.com/yashveeeeeeer/india-geodata/tree/main/data/census/historical
Uttaranchal,Nainital,Uttarakhand,Nainital,1,1,one_to_one_same_name,Yes,Direct link; harmonize name where necessary,Preliminary; validate against Census Administrative Atlas,https://github.com/yashveeeeeeer/india-geodata/tree/main/data/census/historical
Uttaranchal,Pithoragarh,Uttarakhand,Pithoragarh,1,1,one_to_one_same_name,Yes,Direct link; harmonize name where necessary,Preliminary; validate against Census Administrative Atlas,https://github.com/yashveeeeeeer/india-geodata/tree/main/data/census/historical
Uttaranchal,Rudraprayag,Uttarakhand,Rudraprayag,1,1,one_to_one_same_name,Yes,Direct link; harmonize name where necessary,Preliminary; validate against Census Administrative Atlas,https://github.com/yashveeeeeeer/india-geodata/tree/main/data/census/historical
Uttaranchal,Tehri Garhwal,Uttarakhand,Tehri Garhwal,1,1,one_to_one_same_name,Yes,Direct link; harmonize name where necessary,Preliminary; validate against Census Administrative Atlas,https://github.com/yashveeeeeeer/india-geodata/tree/main/data/census/historical
Uttaranchal,Udham Singh Nagar,Uttarakhand,Udham Singh Nagar,1,1,one_to_one_same_name,Yes,Direct link; harmonize name where necessary,Preliminary; validate against Census Administrative Atlas,https://github.com/yashveeeeeeer/india-geodata/tree/main/data/census/historical
Uttaranchal,Uttarkashi,Uttarakhand,Uttarkashi,1,1,one_to_one_same_name,Yes,Direct link; harmonize name where necessary,Preliminary; validate against Census Administrative Atlas,https://github.com/yashveeeeeeer/india-geodata/tree/main/data/census/historical
West Bengal,Bankura,West Bengal,Bankura,1,1,one_to_one_same_name,Yes,Direct link; harmonize name where necessary,Preliminary; validate against Census Administrative Atlas,https://github.com/yashveeeeeeer/india-geodata/tree/main/data/census/historical
West Bengal,Barddhaman,West Bengal,Barddhaman,1,1,one_to_one_same_name,Yes,Direct link; harmonize name where necessary,Preliminary; validate against Census Administrative Atlas,https://github.com/yashveeeeeeer/india-geodata/tree/main/data/census/historical
West Bengal,Birbhum,West Bengal,Birbhum,1,1,one_to_one_same_name,Yes,Direct link; harmonize name where necessary,Preliminary; validate against Census Administrative Atlas,https://github.com/yashveeeeeeer/india-geodata/tree/main/data/census/historical
West Bengal,Dakshin Dinajpur,West Bengal,Dakshin Dinajpur,1,1,one_to_one_same_name,Yes,Direct link; harmonize name where necessary,Preliminary; validate against Census Administrative Atlas,https://github.com/yashveeeeeeer/india-geodata/tree/main/data/census/historical
West Bengal,Darjiling,West Bengal,Darjiling,1,1,one_to_one_same_name,Yes,Direct link; harmonize name where necessary,Preliminary; validate against Census Administrative Atlas,https://github.com/yashveeeeeeer/india-geodata/tree/main/data/census/historical
West Bengal,Haora,West Bengal,Haora,1,1,one_to_one_same_name,Yes,Direct link; harmonize name where necessary,Preliminary; validate against Census Administrative Atlas,https://github.com/yashveeeeeeer/india-geodata/tree/main/data/census/historical
West Bengal,Hugli,West Bengal,Hugli,1,1,one_to_one_same_name,Yes,Direct link; harmonize name where necessary,Preliminary; validate against Census Administrative Atlas,https://github.com/yashveeeeeeer/india-geodata/tree/main/data/census/historical
West Bengal,Jalpaiguri,West Bengal,Jalpaiguri,1,1,one_to_one_same_name,Yes,Direct link; harmonize name where necessary,Preliminary; validate against Census Administrative Atlas,https://github.com/yashveeeeeeer/india-geodata/tree/main/data/census/historical
West Bengal,Koch Bihar,West Bengal,Koch Bihar,1,1,one_to_one_same_name,Yes,Direct link; harmonize name where necessary,Preliminary; validate against Census Administrative Atlas,https://github.com/yashveeeeeeer/india-geodata/tree/main/data/census/historical
West Bengal,Kolkata,West Bengal,Kolkata,1,1,one_to_one_same_name,Yes,Direct link; harmonize name where necessary,Preliminary; validate against Census Administrative Atlas,https://github.com/yashveeeeeeer/india-geodata/tree/main/data/census/historical
West Bengal,Maldah,West Bengal,Maldah,1,1,one_to_one_same_name,Yes,Direct link; harmonize name where necessary,Preliminary; validate against Census Administrative Atlas,https://github.com/yashveeeeeeer/india-geodata/tree/main/data/census/historical
West Bengal,Medinipur,West Bengal,Paschim Medinipur,2,1,one_to_many_split,"Yes, after aggregation",Aggregate all 2011 child numerators and denominators to 2001 parent,Preliminary; validate against Census Administrative Atlas,https://github.com/yashveeeeeeer/india-geodata/tree/main/data/census/historical
West Bengal,Medinipur,West Bengal,Purba Medinipur,2,1,one_to_many_split,"Yes, after aggregation",Aggregate all 2011 child numerators and denominators to 2001 parent,Preliminary; validate against Census Administrative Atlas,https://github.com/yashveeeeeeer/india-geodata/tree/main/data/census/historical
West Bengal,Murshidabad,West Bengal,Murshidabad,1,1,one_to_one_same_name,Yes,Direct link; harmonize name where necessary,Preliminary; validate against Census Administrative Atlas,https://github.com/yashveeeeeeer/india-geodata/tree/main/data/census/historical
West Bengal,Nadia,West Bengal,Nadia,1,1,one_to_one_same_name,Yes,Direct link; harmonize name where necessary,Preliminary; validate against Census Administrative Atlas,https://github.com/yashveeeeeeer/india-geodata/tree/main/data/census/historical
West Bengal,North Twenty Four Parganas,West Bengal,North Twenty Four Parganas,1,1,one_to_one_same_name,Yes,Direct link; harmonize name where necessary,Preliminary; validate against Census Administrative Atlas,https://github.com/yashveeeeeeer/india-geodata/tree/main/data/census/historical
West Bengal,Puruliya,West Bengal,Puruliya,1,1,one_to_one_same_name,Yes,Direct link; harmonize name where necessary,Preliminary; validate against Census Administrative Atlas,https://github.com/yashveeeeeeer/india-geodata/tree/main/data/census/historical
West Bengal,South Twenty Four Parganas,West Bengal,South Twenty Four Parganas,1,1,one_to_one_same_name,Yes,Direct link; harmonize name where necessary,Preliminary; validate against Census Administrative Atlas,https://github.com/yashveeeeeeer/india-geodata/tree/main/data/census/historical
West Bengal,Uttar Dinajpur,West Bengal,Uttar Dinajpur,1,1,one_to_one_same_name,Yes,Direct link; harmonize name where necessary,Preliminary; validate against Census Administrative Atlas,https://github.com/yashveeeeeeer/india-geodata/tree/main/data/census/historical
